id;date;price;level;levels;rooms;area;kitchen_area;geo_lat;geo_lon;building_type;object_type;postal_code;street_id;id_region;house_id
1;2021-01-01;2451300;15;31;1;30.3;0;56.7801124;60.6993548;0;2;620000;;66;1632918
2;2021-01-01;1450000;5;5;1;33;6;44.6081542;40.1383814;0;0;385000;;1;
3;2021-01-01;10700000;4;13;3;85;12;55.5400601;37.7251124;3;0;142701;242543;50;681306
4;2021-01-01;3100000;3;5;3;82;9;44.6081542;40.1383814;0;0;385000;;1;
5;2021-01-01;2500000;2;3;1;30;9;44.7386846;37.7136681;3;2;353960;439378;23;1730985
6;2021-01-01;1450000;5;5;2;47;6;48.5111715;44.5668459;2;0;400096;260588;34;1009994
7;2021-01-01;9000000;2;4;3;107.4;21.3;55.0099136;82.9348589;4;0;630102;233285;54;2823596
8;2021-01-01;2990000;1;2;3;54;7;51.8347031;107.6005709;0;0;670034;;3;
9;2021-01-01;2300000;16;18;1;39.7;11.5;45.0038685;39.0865107;4;0;350065;523822;23;1284243
10;2021-01-01;2290000;2;2;2;53.2;16;53.164362;45.033956;5;0;440003;;58;
11;2021-01-01;3350000;1;19;-1;10.1;2;55.778026;37.540147;3;0;123007;580339;77;2069062
12;2021-01-01;5000000;8;9;3;100;0;57.104626;65.58797;4;0;625046;450441;72;2825516
13;2021-01-01;3214804;5;17;-1;32.44;0;55.4624497;37.700041;0;2;102321;;50;799789
14;2021-01-01;3750000;19;20;2;40;-100;55.0552885;82.8941912;3;0;630082;557992;54;2715855
15;2021-01-01;11100000;3;17;2;62.4;9.7;55.6905542;37.8635456;0;0;140002;;50;
16;2021-01-01;8865000;10;13;2;66.7;14.6;59.8511787;30.4116573;4;2;192288;569976;78;1690045
17;2021-01-01;2650000;6;7;-1;26;4;57.1529744;65.5344099;3;2;625062;229121;72;880012
18;2021-01-01;2300000;2;4;3;62.4;7.7;48.7811242;44.5777823;4;0;400009;;34;
19;2021-01-01;2500000;5;9;3;61;7.5;57.6881859;39.76105;2;0;150063;190251;76;1940462
20;2021-01-01;4650000;5;9;2;56.8;8;54.7422365;55.9962363;4;0;450097;458583;2;918972
21;2021-01-01;2435000;5;5;1;49.7;0;54.6033362;36.2673399;4;0;248031;564060;40;2657892
22;2021-01-01;5000000;6;9;2;62.9;11.2;45.0381364;38.9212563;0;0;350004;209279;23;2170951
23;2021-01-01;3450000;10;18;2;55;11;45.0732145;39.0387712;4;0;350901;550810;23;704175
24;2021-01-01;1650000;5;5;2;46.1;0;54.298622;48.332397;0;0;432028;;73;
25;2021-01-01;2250000;5;5;3;60;9;56.4449573;53.766105;4;0;427961;431723;18;2388350
26;2021-01-01;1250000;2;2;3;70.7;11;52.8590666;39.8182962;4;0;399140;;48;
27;2021-01-01;2700000;5;5;3;64;-100;50.5365229;137.0290803;4;0;681000;317006;27;2279129
28;2021-01-01;2900000;4;6;1;32;6;44.7275009;37.7511461;2;0;353907;568636;23;1953752
29;2021-01-01;3650000;6;7;1;36;16;57.1529744;65.5344099;4;2;625062;229121;72;880012
30;2021-01-01;2600000;4;5;1;34;6.5;52.985992;158.6709;0;0;683013;;41;
31;2021-01-01;900000;3;4;3;54;-100;51.9114659;102.4355979;4;0;671023;153245;3;632956
32;2021-01-01;1350000;5;5;1;31;6;57.6036524;39.8193541;4;0;150029;219632;76;1932159
33;2021-01-01;1800000;5;5;3;57.9;6;53.5188796;50.1372729;4;0;443901;139613;63;1034124
34;2021-01-01;2250000;2;3;1;40;10.2;54.50598;36.251661;4;2;;;40;1179265
35;2021-01-01;4296056;2;17;1;36.99;11.72;55.5639247;37.8255637;4;2;142714;;50;1704996
36;2021-01-01;3100000;1;4;3;62;7;44.611368;40.105483;0;0;385000;;1;
37;2021-01-01;30000000;11;22;3;109;15.5;55.702794;37.666153;3;0;115432;451495;77;1430362
38;2021-01-01;2300000;4;9;1;32;5;56.2966828;101.7603955;0;0;665707;339190;38;2686707
39;2021-01-01;22112640;8;29;3;69.8;11.6;55.8349584;37.6373778;0;2;129226;201942;77;1251884
40;2021-01-01;2700000;4;5;3;56.6;6;44.611368;40.105483;0;0;385000;;1;
41;2021-01-01;2370000;3;4;2;54;0;43.047672;44.671295;0;0;362021;194558;15;2275604
42;2021-01-01;4200000;1;14;2;50;-100;43.5821663;39.727345;3;0;354000;151411;23;1278090
43;2021-01-01;1690000;1;5;1;29.9;0;61.8012114;34.2904993;2;0;185013;586421;10;1098069
44;2021-01-01;4800000;4;8;2;50.4;9.6;54.711208;20.497776;0;0;236006;;39;
45;2021-01-01;750000;2;2;2;48;8;52.6214385;51.274101;5;0;446643;210091;63;2376977
46;2021-01-01;5300000;5;10;3;67.1;9;44.7415855;37.7238478;2;0;353912;568636;23;1196149
47;2021-01-01;2300000;8;16;1;45.2;14.3;45.093524;39.005613;3;0;350024;317008;23;2108202
48;2021-01-01;4900000;9;10;3;66;11;44.7415855;37.7238478;2;0;353912;568636;23;1196149
49;2021-01-01;1560000;4;4;2;46.5;7;48.5768987;44.4392115;0;0;400057;;34;
50;2021-01-01;4860000;2;5;2;56;0;61.2666181;73.3787549;2;0;628415;547403;86;976715
51;2021-01-01;1960000;5;5;1;29.2;6.3;55.6915564;52.3399654;2;0;423803;577048;16;754999
52;2021-01-01;5450000;1;4;2;51.9;14.4;60.17451;30.153282;3;0;188651;;47;
53;2021-01-01;2190000;10;10;2;80.2;16;43.4734542;43.5750415;5;0;360030;350841;7;867686
54;2021-01-01;3899000;5;5;3;66.1;9;55.9072587;38.0579851;2;0;141103;446284;50;2679689
55;2021-01-01;1000000;1;1;3;68;11;45.4923847;42.1332456;4;0;356180;343628;26;1988099
56;2021-01-01;3450000;4;6;3;62;9;57.1512483;65.5889695;4;0;625048;136462;72;2629384
57;2021-01-01;5450000;2;17;2;54.7;17.1;44.6831175;37.7800038;3;0;353924;246582;23;2178236
58;2021-01-01;2050000;5;5;2;46;0;43.024408;44.6619571;2;0;362003;290898;15;1186513
59;2021-01-01;4000000;3;3;2;61.3;15;44.7386846;37.7136681;3;0;353960;439378;23;1213340
60;2021-01-01;1860000;3;5;3;58.2;7;48.8472148;44.5560462;4;0;400058;420205;34;1821881
61;2021-01-01;4200000;6;10;4;120;20;42.9671407;47.5354944;3;0;367007;540675;5;1654926
62;2021-01-01;1500000;2;5;2;55.2;9.3;45.9574372;33.7996991;5;0;296000;445921;91;1439532
63;2021-01-01;5970000;7;10;2;51.7;8.9;56.2911642;43.9116968;2;0;603034;337428;52;2003626
64;2021-01-01;4200000;12;25;-1;25.8;-100;60.0368892;30.2261228;3;2;190000;291085;78;2484205
65;2021-01-01;2600000;1;5;1;30;6;44.6993312;37.7831112;2;0;353923;226112;23;2608554
66;2021-01-01;7100000;3;16;3;78.1;12.3;52.2667892;104.3265025;3;0;664081;492098;38;2552545
67;2021-01-01;1750000;11;14;1;38;12.6;51.822302;55.174318;2;0;460060;;56;
68;2021-01-01;11340000;2;5;3;130;16.7;54.754511;55.996573;4;0;450058;222600;2;1465817
69;2021-01-01;3400000;1;2;2;43;0;44.7032041;37.7863291;0;0;353905;171066;23;2436513
70;2021-01-01;2700000;7;9;2;53;9;54.279602;48.29743;2;0;432029;;73;
71;2021-01-01;5800000;8;17;2;81.7;23;51.644787;39.168873;3;0;394055;;36;
72;2021-01-01;6000000;4;9;3;52.4;6;55.7496117;38.0076555;2;0;143980;235760;50;795929
73;2021-01-01;3900000;2;5;3;68.2;14.9;44.1967906;42.0473039;0;0;369015;166943;9;2628180
74;2021-01-01;3500000;7;9;3;61.5;8.7;56.10996;40.37477;0;0;600033;;33;
75;2021-01-01;1670000;4;5;3;61;6;56.3889292;61.9389994;4;0;623408;199317;66;687137
76;2021-01-01;3880000;1;9;2;60;9.5;50.5696764;36.5765002;0;0;308033;473680;31;2138731
77;2021-01-01;1850000;9;9;1;39;0;56.1255488;93.3334825;2;0;662501;;24;
78;2021-01-01;4380000;10;10;3;85;12;57.6387864;39.9494363;4;0;150065;368032;76;616411
79;2021-01-01;4764200;9;11;2;57.4;11.3;56.838607;60.605514;3;2;;;66;1104878
80;2021-01-01;5175000;7;17;1;39;10;55.8075249;37.9434;2;0;143902;226252;50;1683047
81;2021-01-01;1650000;6;20;1;19.5;4;56.7805182;60.6992904;0;0;620023;;66;2652227
82;2021-01-01;4090000;7;9;1;32;6;55.9819313;37.7430357;3;0;141033;129787;50;679371
83;2021-01-01;650000;2;2;1;38;-100;52.889061;36.34307;3;0;302512;;57;
84;2021-01-01;2800000;5;5;3;61;6;57.5893632;39.8638563;4;0;150048;510428;76;896293
85;2021-01-01;2000000;2;4;2;60.2;-100;55.2471398;61.3956963;4;0;454031;241136;74;2835575
86;2021-01-01;6700000;10;12;3;94.1;-100;53.3570823;83.7750952;3;2;656002;122318;22;1739426
87;2021-01-01;3900000;4;10;3;59;9;44.6292697;41.945838;4;0;357100;537524;26;2602575
88;2021-01-01;2350000;3;5;2;42;6;57.1541591;65.5772557;4;0;625048;123985;72;1083536
89;2021-01-01;2500000;20;20;-1;25;0;44.6727019;37.7873634;3;0;353924;175085;23;1259902
90;2021-01-01;5900000;7;9;3;76;8.3;51.6988612;94.4183629;2;0;667011;218348;17;1245571
91;2021-01-01;3100000;3;3;1;42;15;44.750924;37.7141333;3;0;353960;222442;23;1417131
92;2021-01-01;2600000;2;9;3;62.9;7.5;58.590813;49.59121;0;0;610045;;43;
93;2021-01-01;1800000;2;8;2;35;-100;57.1189872;65.6179624;2;0;625019;409546;72;1082282
94;2021-01-01;4500000;3;10;2;96;18;53.265244;34.3239217;0;0;241001;433867;32;2530844
95;2021-01-01;3750000;5;5;3;78;10;43.0265689;44.7076571;4;0;362019;559307;15;1800400
96;2021-01-01;3485000;13;17;2;62;12.5;51.7849433;55.0946359;2;0;460050;201977;56;2247245
97;2021-01-01;2250000;10;12;1;36.43;11.1;44.7566086;37.7225751;3;2;353960;224050;23;716660
98;2021-01-01;1600000;6;6;1;38;9;52.0224407;47.8439498;2;0;413863;346600;64;2666000
99;2021-01-01;1900000;4;9;1;30;6;53.3663231;83.6641028;2;0;656060;182406;22;1946447
100;2021-01-01;6574995;10;11;-1;31;-100;59.9367442;30.2517999;3;0;199406;172995;78;1780424
101;2021-01-01;3718427;3;17;1;41.27;0;55.4624497;37.700041;0;2;102321;;50;799789
102;2021-01-01;40336132;10;21;2;120;20;43.5854551;39.7231548;0;0;354000;;23;1357199
103;2021-01-01;1150000;17;17;-1;20;3;54.934666;83.11958;0;0;630068;312570;54;2047558
104;2021-01-01;1750000;4;5;2;31.9;-100;55.8025732;38.9795924;4;0;142600;542517;50;2294086
105;2021-01-01;7250000;21;24;2;60;11;60.0496489;30.428597;3;0;188669;174464;47;902072
106;2021-01-01;7718000;32;33;2;69.5;19.2;56.838607;60.605514;3;2;;;66;1104878
107;2021-01-01;3900000;1;5;3;67.8;10;57.1536573;65.5715539;4;0;625006;507621;72;2533206
108;2021-01-01;3400000;5;5;2;50;5;44.6993312;37.7831112;2;0;353923;226112;23;2608554
109;2021-01-01;7068330;12;13;1;42.3;18.7;55.638429;37.652912;0;2;;;78;
110;2021-01-01;2000000;1;5;1;30;6;57.994987;56.299377;2;0;614077;;59;
111;2021-01-01;2900000;4;16;1;36.21;10.1;44.6734796;37.7689778;2;2;353924;240026;23;1860883
112;2021-01-01;3100000;1;4;3;62.5;0;45.050947;41.9762141;0;0;355035;446215;26;1542826
113;2021-01-01;5300000;4;5;2;54.8;8.5;59.572716;30.11973;0;0;188300;;47;
114;2021-01-01;1000000;5;5;2;39.3;-100;51.876017;36.907463;4;0;306530;;46;
115;2021-01-01;1300000;5;9;1;29;0;54.267727;48.30057;0;0;432073;;73;
116;2021-01-01;6399000;16;19;-1;72;0;55.013206;82.8985996;2;2;630029;251925;54;646359
117;2021-01-01;750000;1;2;2;37;-100;58.366385;45.510575;4;0;157500;;44;
118;2021-01-01;2600000;7;9;1;33;0;57.1399134;65.5053563;2;0;625049;183448;72;884547
119;2021-01-01;5600000;7;16;2;55.9;0;61.242795;73.463981;0;0;628401;520427;86;2353556
120;2021-01-01;3000000;3;5;3;60;-100;45.0547245;38.9996018;4;0;350042;134296;23;1608743
121;2021-01-01;2180000;3;5;2;46.6;6;57.752775;40.990495;4;0;156019;;44;
122;2021-01-01;800000;2;5;1;30;-100;58.0856229;57.821606;5;0;618910;393621;59;1647430
123;2021-01-01;2700000;1;9;3;57;0;53.3539688;83.6776601;2;0;656057;342869;22;2569222
124;2021-01-01;1800000;1;5;1;36.6;-100;45.0307781;38.9658333;4;0;350000;345171;23;860979
125;2021-01-01;3900000;14;22;1;40.2;11;48.6856192;44.4870685;3;0;400074;;34;
126;2021-01-01;2125200;1;24;1;32.2;9.5;47.245924;39.689961;0;2;344079;203005;61;1262818
127;2021-01-01;6300000;15;25;1;38.9;-100;45.046412;38.979203;3;0;350020;346526;23;799494
128;2021-01-01;2376000;19;24;1;36;11.9;47.245924;39.689961;0;2;344079;203005;61;1262818
129;2021-01-01;2398500;24;25;1;36.9;0;47.245924;39.689961;0;2;344079;203005;61;1262818
130;2021-01-01;5200000;5;10;3;100;25;45.0922453;39.0083362;3;0;350024;439064;23;2750749
131;2021-01-01;5700000;11;16;2;56;10;44.6889835;37.7918159;3;0;353913;351003;23;2285007
132;2021-01-01;1350000;4;5;2;44.2;6;53.107281;48.423317;0;0;446009;;63;
133;2021-01-01;2660000;1;3;2;54.4;12;45.132986;42.021168;4;0;356240;;26;
134;2021-01-01;6250000;4;9;3;75.8;12.4;54.705345;20.52301;4;0;236006;;39;
135;2021-01-01;2200000;2;3;3;59.4;-100;54.4197216;86.305155;0;0;652600;582507;42;2117939
136;2021-01-01;2450000;1;5;3;62.7;0;53.264081;34.3243089;0;0;241001;;32;
137;2021-01-01;2509000;1;2;2;36.8;6.6;56.8891225;60.6206474;5;0;620091;245802;66;1018694
138;2021-01-01;3650000;9;9;1;47;11.5;44.7377454;37.7305128;3;0;353912;568636;23;2356636
139;2021-01-01;2500000;1;3;2;58;23;44.7837421;37.6991944;3;0;353991;342321;23;2420942
140;2021-01-01;3700000;3;5;3;98;25;48.1781661;40.7926979;4;0;347045;300075;61;2607302
141;2021-01-01;7400000;9;9;1;32.3;5.2;55.766357;37.712868;3;0;111020;394412;77;2183736
142;2021-01-01;3400000;6;9;1;36;10;44.890434;37.34177;3;0;353451;225102;23;1678711
143;2021-01-01;2300000;2;4;2;45.7;-100;57.6411167;39.8206923;0;0;150031;133895;76;1478500
144;2021-01-01;1650000;3;3;2;53;-100;56.0682218;44.1474797;2;0;607672;459664;52;1541194
145;2021-01-01;2220000;11;18;1;37.01;0;52.587696;39.523726;0;0;398004;;48;
146;2021-01-01;4600000;1;9;2;74;14;44.7377454;37.7305128;3;0;353912;568636;23;2356636
147;2021-01-01;1800000;9;10;-1;33.5;0;54.945149;82.959938;2;2;630022;519271;54;2192843
148;2021-01-01;2150000;1;5;3;58;0;54.4815311;53.4655972;0;0;452000;329186;2;2530033
149;2021-01-01;2750000;2;6;3;63.7;0;55.3381227;86.0634719;4;0;650055;306798;42;1573458
150;2021-01-01;590000;5;5;3;66;8;53.990941;48.328464;0;0;433393;;73;
151;2021-01-01;3000000;1;5;1;13.6;2;55.7401645;37.5469942;4;0;121165;152778;77;2173638
152;2021-01-01;8865000;11;13;2;66.7;14.6;59.8511787;30.4116573;4;2;192288;569976;78;1690045
153;2021-01-01;3000000;1;6;2;75;11.6;56.636802;47.8279808;4;0;424007;265249;12;938314
154;2021-01-01;16769040;13;42;3;65.3;-100;55.6776405;37.5870576;3;2;;194123;77;1242477
155;2021-01-01;2499000;5;5;2;43;6;54.8218993;56.1134263;2;0;450065;350222;2;916532
156;2021-01-01;2460000;8;9;1;38;-100;56.1264545;40.3466688;2;0;600028;480767;33;1085509
157;2021-01-01;16294780;11;42;3;62.6;-100;55.6776405;37.5870576;3;2;;194123;77;1242477
158;2021-01-01;25173570;19;22;2;90.5;0;55.7403565;37.5227471;0;2;121170;478059;77;2143866
159;2021-01-01;3143300;19;25;2;73.1;23.2;51.5034082;46.1579123;3;0;413106;193591;64;1282933
160;2021-01-01;5890000;7;10;1;43.3;12;56.838607;60.605514;4;2;;;66;1104878
161;2021-01-01;2881540;23;25;2;75.8;-100;51.5034082;46.1579123;3;0;413106;193591;64;1282933
162;2021-01-01;5020000;10;18;2;60;12;51.8374815;107.5791787;0;2;670000;570143;3;2446868
163;2021-01-01;8000000;1;5;4;90;0;61.23942;73.43794;0;0;628402;;86;
164;2021-01-01;50457103;10;21;3;150;50;43.5854551;39.7231548;0;0;354000;;23;1357199
165;2021-01-01;7600000;12;16;2;66.7;0;56.8284715;60.5885695;3;0;620014;585303;66;2029679
166;2021-01-01;10503090;17;31;1;42.3;12.4;55.8054647;37.7144696;3;2;107392;433375;77;2011990
167;2021-01-01;41148764;16;21;2;122;22;43.5854551;39.7231548;0;0;354000;;23;1357199
168;2021-01-01;16605790;10;42;3;65.3;-100;55.6776405;37.5870576;3;2;;194123;77;1242477
169;2021-01-01;4532000;9;10;1;43;4.7;44.8997618;37.3301085;3;0;353440;145581;23;1396806
170;2021-01-01;1470000;1;5;1;29;9;54.4869628;53.4832646;4;0;452602;;2;1012552
171;2021-01-01;2927701;12;17;-1;28.07;0;55.4624497;37.700041;0;2;102321;;50;799789
172;2021-01-01;2349000;7;25;1;34.8;9.8;47.245924;39.689961;0;2;344079;203005;61;1262818
173;2021-01-01;2224200;3;24;1;33.7;9.8;47.245924;39.689961;0;2;344079;203005;61;1262818
174;2021-01-01;550000;1;1;3;49.2;-100;58.314873;44.747267;6;0;157300;;44;
175;2021-01-01;1620000;1;9;1;36.6;8.4;48.77528;44.801166;0;0;404126;;34;
176;2021-01-01;1500000;1;1;2;45.6;11.7;45.0509707;34.60449;4;0;297600;392352;91;1479404
177;2021-01-01;1000000;1;2;3;58;-100;53.962763;38.1637751;5;0;301602;214267;71;1849959
178;2021-01-01;2200000;1;9;2;53;10.1;48.597074;44.424152;2;0;400059;431831;34;766868
179;2021-01-01;3000000;1;9;2;52.1;7.5;54.910457;52.2763338;1;0;423457;432953;16;2244645
180;2021-01-01;1050000;2;5;2;48.6;0;55.0793602;21.8934673;4;0;238750;179018;39;1532808
181;2021-01-01;1020000;2;3;1;23;4.7;52.969124;36.059994;0;0;302028;;57;
182;2021-01-01;3100000;1;9;2;42.4;5.98;64.512115;40.66939;2;0;163062;;29;
183;2021-01-01;18000000;10;11;4;153.3;0;56.0116624;92.8900974;4;0;660049;385730;24;2048192
184;2021-01-01;7900000;4;9;3;74;-100;59.8913945;30.4647111;2;0;193230;415324;78;944668
185;2021-01-01;1500000;5;5;2;53;9;55.94756;37.343775;0;0;107140;;37;
186;2021-01-01;1650000;14;18;-1;25;-100;47.3161942;39.7934183;2;0;344065;495262;61;1938265
187;2021-01-01;1600000;13;16;-1;23.5;-100;45.1024303;39.0339752;4;2;;538685;23;1652566
188;2021-01-01;3960000;6;10;2;58;12;53.2088357;50.1797925;2;0;443080;480698;63;1840897
189;2021-01-01;5889000;3;9;2;65.4;21.9;59.8091841;30.0823217;4;2;188507;466341;47;1004939
190;2021-01-01;1800000;5;5;3;64;-100;43.0399138;44.2237601;2;0;363246;480285;15;2528633
191;2021-01-01;2300000;4;16;1;37.8;10.4;45.0025688;39.0737225;5;0;350065;523822;23;2427486
192;2021-01-01;1250000;9;9;1;30;6;53.8944248;87.1160501;2;0;654044;170136;42;2048667
193;2021-01-01;1300000;2;5;2;49;9;45.3424262;42.849147;4;0;356530;537481;26;2506423
194;2021-01-01;4200000;13;14;2;54;22;57.1065328;65.567133;3;0;625033;451699;72;853877
195;2021-01-01;2100000;1;3;3;64;-100;52.2024175;107.6388035;2;0;671260;;3;1515247
196;2021-01-01;86000000;26;31;4;192.7;0;55.6527298;37.4755761;3;0;119571;525896;77;1625548
197;2021-01-01;2500000;1;4;1;30.6;6;44.7357301;37.7454705;3;0;353912;342761;23;1159090
198;2021-01-01;2600000;5;5;2;41.2;0;57.139984;65.5304;4;0;625008;391508;72;1794282
199;2021-01-01;4750000;8;9;2;63.7;18;61.2606076;73.2524282;3;0;628433;;86;1948998
200;2021-01-01;3850000;1;10;2;57.6;0;54.9808351;82.8461462;0;2;;533661;54;1646432
201;2021-01-01;4000000;7;9;1;49.6;25.2;45.0381364;38.9212563;0;0;350004;209279;23;2170951
202;2021-01-01;5150000;4;9;1;56.7;24;44.8925352;37.3379518;3;0;353451;379013;23;1171277
203;2021-01-01;3300000;2;15;3;80;9;56.1436041;47.1860848;0;0;428034;431040;21;2088406
204;2021-01-01;2200000;5;5;3;58;7;53.1575784;48.4808286;2;0;446001;378439;63;1377793
205;2021-01-01;1300000;1;2;2;53;-100;56.1849613;50.4116345;4;0;422050;504899;16;1229570
206;2021-01-01;2554500;4;24;1;39.3;18.7;45.073624;39.041699;0;2;350901;287609;23;2479869
207;2021-01-01;6418000;21;32;-1;20;5;55.8054647;37.7144696;3;2;107392;433375;77;2011990
208;2021-01-01;2000000;7;9;1;31.7;6.8;48.6114325;44.4296479;0;0;400067;;34;
209;2021-01-01;3500000;8;15;-1;30.82;0;54.999158;82.9505639;1;2;630083;256876;54;1537022
210;2021-01-01;10000000;3;10;4;142.4;0;56.0402615;92.9046334;4;0;660077;275162;24;684486
211;2021-01-01;8500000;3;3;2;76.5;16;44.593334;33.469125;0;0;299038;;92;
212;2021-01-01;1750000;5;5;2;58;0;54.0157668;38.2970915;0;0;301650;518986;71;1887095
213;2021-01-01;21000000;4;18;4;92.9;12;55.703682;37.774426;2;0;109443;212710;77;2330403
214;2021-01-01;2070000;9;9;1;31.9;6;48.716913;44.5116111;0;0;400087;;34;
215;2021-01-01;1500000;4;5;3;50.4;-100;67.939354;32.953266;4;0;184511;;51;
216;2021-01-01;2366000;19;26;1;55;15;51.5034082;46.1579123;3;0;413106;193591;64;1282933
217;2021-01-01;4100000;8;16;1;43.7;13.4;44.732803;37.751667;2;0;353907;342761;23;1671428
218;2021-01-01;1550000;1;9;-1;26;-100;53.6987661;91.4052248;4;0;655009;482386;19;1407631
219;2021-01-01;3500000;1;9;3;45;0;56.4841885;85.0224328;4;0;634021;578645;70;2379379
220;2021-01-01;2686370;2;15;-1;26.5;-100;59.89385;30.45181;3;2;193230;561440;78;2692866
221;2021-01-01;870000;9;9;2;51;9;54.0055438;86.7067081;4;0;652718;344423;42;618741
222;2021-01-01;3965000;20;23;1;30.5;13;60.030667;30.459275;0;2;195299;232807;78;1575857
223;2021-01-01;6220000;15;18;3;71;10;51.8374815;107.5791787;0;2;670000;570143;3;2446868
224;2021-01-01;5350000;7;9;2;65;12;56.0559108;92.8962619;1;2;660125;373170;24;1171299
225;2021-01-01;3550000;9;9;2;68.1;12.9;54.684059;20.571833;0;0;236034;;39;
226;2021-01-01;8200000;16;24;3;100;-100;45.1274616;38.9633307;3;2;;400564;23;927222
227;2021-01-01;4450000;1;4;-1;36;6;55.920769;37.880171;3;0;141075;582656;50;1817086
228;2021-01-01;3200000;5;17;2;43.6;0;57.5814688;39.9145764;0;0;150006;436018;76;1435982
229;2021-01-01;1650000;1;5;3;61;6;55.5337266;89.1867854;2;0;662312;;24;2077517
230;2021-01-01;2750000;4;5;1;32;6;56.011707;92.84001;0;0;660021;;24;
231;2021-01-01;1430000;1;9;1;28;0;56.585086;84.920511;4;0;636019;;70;
232;2021-01-01;7408788;17;17;1;37.11;12.92;59.966552;30.401271;1;2;195221;251072;78;2618084
233;2021-01-01;600000;2;5;1;32.8;8.4;57.1062506;61.3977824;2;0;624286;144555;66;2579079
234;2021-01-01;1200000;1;5;2;43.4;5.4;53.5261007;87.2773756;2;0;652741;353832;42;1702116
235;2021-01-01;1400000;1;2;2;50.1;4;46.352623;48.028328;4;0;414000;;30;
236;2021-01-01;4000000;10;10;3;86.96;12.96;54.9476889;82.9703743;2;2;630022;309495;54;864372
237;2021-01-01;3000000;2;2;3;56;-100;52.0399219;113.482198;4;0;672007;155021;75;1091996
238;2021-01-01;3000000;2;2;3;56;0;52.0399219;113.482198;4;0;672007;155021;75;1091996
239;2021-01-01;3300000;6;9;1;53;16;54.186146;45.165596;4;0;430005;;13;
240;2021-01-01;6750183;8;10;1;30.4;-100;59.8777956;30.4433046;4;2;192171;146825;78;1080729
241;2021-01-01;3565000;8;9;2;45;11;57.1195173;65.5243451;2;0;625062;451365;72;1562421
242;2021-01-01;3749538;9;17;1;41.34;0;55.4624497;37.700041;0;2;102321;;50;799789
243;2021-01-01;4400000;5;14;2;59;14;57.1337343;65.4956349;0;0;625018;505935;72;2177158
244;2021-01-01;4763545;25;26;2;60.67;23;56.8385216;60.6054911;0;2;620000;141737;66;2306642
245;2021-01-01;1500000;1;5;-1;31;0;55.145774;36.62569;1;0;249025;542285;40;2725373
246;2021-01-01;1580000;3;9;1;32.3;6;56.8764485;53.2767647;4;0;426053;177797;18;2102310
247;2021-01-01;6700000;3;5;2;41;5.4;55.6971281;37.8639911;4;0;140002;183874;50;2814809
248;2021-01-01;5050000;10;19;1;39.8;11.3;55.7943584;49.1114975;0;2;420061;131236;16;2294167
249;2021-01-01;3337000;4;12;3;70.2;14.3;58.2363746;68.2805991;3;2;626158;;72;1242028
250;2021-01-01;2395600;6;25;1;30.5;0;56.7801124;60.6993548;0;2;620000;;66;1632918
251;2021-01-01;3100000;3;5;3;59;9;44.6081542;40.1383814;0;0;385000;;1;
252;2021-01-01;8860255;5;15;1;46.9;17.4;55.590612;37.446138;0;2;;587420;77;2837707
253;2021-01-01;965000;5;9;1;37;8;52.038654;47.77185;0;0;413865;;64;
254;2021-01-01;1100000;4;5;2;45;6;56.1770066;34.56989;2;0;172332;374643;69;2428010
255;2021-01-01;4858300;3;25;1;51.1;-100;45.1274616;38.9633307;3;2;;400564;23;927222
256;2021-01-01;2090000;14;27;1;44;-100;54.60475;39.796903;3;2;390037;;62;
257;2021-01-01;1950000;4;5;2;35;0;57.1327243;65.5822106;4;0;625023;228530;72;1714063
258;2021-01-01;5170000;7;10;2;53.61;0;55.8619706;49.1990682;0;0;420096;;16;1704166
259;2021-01-01;2499000;5;5;2;54;0;56.346127;41.275458;2;0;601903;483252;33;912664
260;2021-01-01;1300000;3;4;2;45.1;-100;56.22305;51.07201;4;0;612964;;43;
261;2021-01-01;2126500;9;14;1;42.55;10.5;56.8200838;35.898655;0;2;170043;519001;69;2217524
262;2021-01-01;3300000;1;10;1;41.8;13.1;55.125896;82.894414;4;2;630040;579548;54;1627459
263;2021-01-01;10050000;7;8;2;70.8;-100;55.5294003;37.7123165;3;2;142701;;50;2347031
264;2021-01-01;7109656;14;16;1;38.6;16.3;55.590612;37.446138;0;2;;587420;77;2837707
265;2021-01-01;2400000;5;5;3;61.3;6;64.420815;40.796864;0;0;164902;;29;
266;2021-01-01;4700000;1;10;-1;67.4;5;55.125896;82.894414;4;2;630040;579548;54;1627459
267;2021-01-01;250000;1;2;2;52;-100;59.113809;46.148657;6;0;157650;;44;
268;2021-01-01;1970000;11;14;1;37.82;10.6;56.8200838;35.898655;0;2;170043;519001;69;2217524
269;2021-01-01;2800000;2;10;2;50;8.2;53.3766841;83.7165378;2;0;656010;348411;22;2365329
270;2021-01-01;3550000;8;10;1;48;-100;56.064452;92.9233868;4;0;660125;;24;
271;2021-01-01;2560000;3;5;2;47.3;6.7;51.9903475;113.5939828;0;0;672016;267334;75;2052270
272;2021-01-01;4350000;7;10;3;62.7;11;44.7415855;37.7238478;2;0;353912;568636;23;1196149
273;2021-01-01;4525511;12;17;1;38.09;12.9;55.5639247;37.8255637;0;2;;;50;2266087
274;2021-01-01;1950000;4;5;2;35;0;57.1327243;65.5822106;4;0;625023;228530;72;1714063
275;2021-01-01;3000000;7;10;4;90.4;-100;56.1476366;47.1634659;2;0;428009;247920;21;1991385
276;2021-01-01;4554193;16;17;1;38.09;12.9;55.5639247;37.8255637;0;2;;;50;2266087
277;2021-01-01;4800000;1;10;-1;67.2;7.1;55.125896;82.894414;4;2;630040;579548;54;1627459
278;2021-01-01;4800000;16;17;-1;28.3;5;55.9105782;37.7363579;3;2;141000;;50;2585216
279;2021-01-01;3000000;1;4;1;31;9;44.7031834;37.7882055;5;0;353905;252205;23;1311793
280;2021-01-01;3120000;14;18;-1;25;0;60.06271;30.424097;0;0;188669;435371;47;1181481
281;2021-01-01;7343614;2;15;1;41.2;19.9;55.590612;37.446138;0;2;;587420;77;2837707
282;2021-01-01;4600000;5;5;3;54;3.8;44.7017002;37.7870984;2;0;353905;;23;
283;2021-01-01;2900000;1;10;1;34.9;10.6;55.125896;82.894414;4;2;630040;579548;54;1627459
284;2021-01-01;1600000;12;22;-1;21.1;0;44.707143;37.772523;3;2;353915;564162;23;611932
285;2021-01-01;1780000;8;12;-1;30.46;0;57.6215477;39.8977411;4;0;150042;328126;76;706509
286;2021-01-01;1460000;1;5;2;46;-100;45.3571375;40.6936195;4;0;352190;414319;23;966155
287;2021-01-01;4500000;5;18;2;68;14.4;44.7085447;37.778234;3;2;353905;434116;23;2092010
288;2021-01-01;3200000;2;9;1;41;14;46.3054945;44.2681089;4;0;358000;499044;8;1241046
289;2021-01-01;17500000;10;11;2;80;0;44.5011541;34.1728905;0;0;298600;456411;91;2515484
290;2021-01-01;4250000;1;10;2;54.6;13.5;55.125896;82.894414;4;2;630040;579548;54;1627459
291;2021-01-01;4800000;8;8;2;61.5;12.7;55.125896;82.894414;4;2;630040;579548;54;1627459
292;2021-01-01;1490000;2;10;1;31;9.8;59.1890518;39.9323019;4;0;160033;;35;
293;2021-01-01;3500000;1;4;2;57.7;10;50.5821508;36.6604193;4;0;308013;235193;31;2456500
294;2021-01-01;4500000;1;5;4;88.9;8;43.5035304;43.6183465;4;0;360019;440309;7;1535924
295;2021-01-01;3600000;12;19;1;27;6;55.7933432;49.2473341;3;0;420083;139029;16;2474823
296;2021-01-01;3720000;3;5;2;47.1;6;56.266933;43.89623;0;0;603095;;52;
297;2021-01-01;5400000;1;9;2;55;11;53.20639;44.989273;4;0;440018;;58;
298;2021-01-01;6500000;5;5;2;72.8;-100;50.262616;127.564894;2;0;675002;;28;
299;2021-01-01;4500000;1;10;2;60.4;16.4;55.125896;82.894414;4;2;630040;579548;54;1627459
300;2021-01-01;3787435;3;11;2;40;16.8;64.5288278;40.554559;6;2;163002;327981;29;2741454
301;2021-01-01;4350000;11;13;2;52.4;10;44.7265993;37.7447217;3;0;353907;386304;23;1721321
302;2021-01-01;7134716;6;14;1;38.9;16.5;55.590612;37.446138;0;2;;587420;77;2837707
303;2021-01-01;22500000;3;22;3;100.2;15;55.6944515;37.4702137;0;0;119361;523491;77;2540778
304;2021-01-01;7967075;11;14;1;42.2;19.7;55.590612;37.446138;0;2;;587420;77;2837707
305;2021-01-01;4250000;4;8;2;54.6;13.5;55.125896;82.894414;4;2;630040;579548;54;1627459
306;2021-01-01;6873128;3;11;3;73;11.1;64.5288278;40.554559;6;2;163002;327981;29;2741454
307;2021-01-01;7496646;14;14;1;38.6;17.8;55.590612;37.446138;0;2;;587420;77;2837707
308;2021-01-01;3550000;7;8;-1;41.8;3.9;55.125896;82.894414;4;2;630040;579548;54;1627459
309;2021-01-01;2800000;4;5;2;45;6;57.009931;40.985895;4;0;153037;;37;
310;2021-01-01;3500000;6;7;1;41.4;10.5;57.1529744;65.5344099;4;0;625055;443439;72;1811083
311;2021-01-01;7421470;14;15;1;36.3;10;55.590612;37.446138;0;2;;587420;77;2837707
312;2021-01-01;3400000;1;10;-1;41.6;6.3;55.125896;82.894414;4;2;630040;579548;54;1627459
313;2021-01-01;7315053;8;9;1;38.6;17.8;55.590612;37.446138;0;2;;587420;77;2837707
314;2021-01-01;7580681;14;15;1;38.6;16.3;55.590612;37.446138;0;2;;587420;77;2837707
315;2021-01-01;9500000;6;12;3;140;17;57.159367;65.54469;4;0;625002;483540;72;2135138
316;2021-01-01;2800000;2;5;1;27;6;44.7017002;37.7870984;2;0;353905;;23;
317;2021-01-01;5978784;10;16;-1;25.4;-100;55.4846387;37.3067639;3;2;108840;;77;2377550
318;2021-01-01;7446245;12;15;2;37.7;16.3;55.7540471;37.620405;0;2;101000;;77;1137040
319;2021-01-01;8293011;8;15;3;55.7;18.9;55.7540471;37.620405;0;2;101000;;77;1137040
320;2021-01-01;4450000;2;10;2;59.8;12.2;55.125896;82.894414;4;2;630040;579548;54;1627459
321;2021-01-01;2650000;1;5;1;33;6;44.7017002;37.7870984;2;0;353905;;23;
322;2021-01-01;2460000;2;5;1;30;0;57.1453805;65.5518711;4;0;625048;223317;72;1818181
323;2021-01-01;7950000;1;8;2;75.9;23.7;55.551725;37.7061984;0;0;142700;;50;1762086
324;2021-01-01;2443140;7;10;2;64.5;13;51.533557;46.034257;4;2;410000;;64;1179151
325;2021-01-01;4160000;9;9;1;48.8;13.4;54.9659216;82.9617704;4;0;630033;415509;54;1094157
326;2021-01-01;5011344;3;17;1;32.69;9.57;55.5639247;37.8255637;4;2;142714;;50;1704996
327;2021-01-01;7183603;4;14;1;38.7;17.9;55.590612;37.446138;0;2;;587420;77;2837707
328;2021-01-01;7748296;10;14;1;41.4;19.4;55.590612;37.446138;0;2;;587420;77;2837707
329;2021-01-01;9177754;6;12;1;43.9;18.4;55.4846387;37.3067639;0;2;108840;;77;2377550
330;2021-01-01;3950000;1;12;3;72;10;53.2267751;44.9262048;0;0;440066;;58;
331;2021-01-01;4300000;7;8;2;53.5;11.1;55.125896;82.894414;4;2;630040;579548;54;1627459
332;2021-01-01;9181590;4;8;1;43.3;19;55.4846387;37.3067639;0;2;108840;;77;2377550
333;2021-01-01;4486440;4;16;3;68.6;12.7;56.8959154;60.6143715;0;2;620000;540734;66;1654993
334;2021-01-01;1520000;5;10;1;33;10;59.1890518;39.9323019;4;0;160033;;35;
335;2021-01-01;4577667;23;25;4;86.42;0;54.6321466;39.6928277;0;2;390013;428357;62;2072328
336;2021-01-01;7215126;12;15;1;38.8;16.4;55.590612;37.446138;0;2;;587420;77;2837707
337;2021-01-01;2900000;5;7;2;90;-100;42.979927;47.461823;4;0;367027;;5;
338;2021-01-01;5200000;9;10;-1;68.6;7.1;55.125896;82.894414;4;2;630040;579548;54;1627459
339;2021-01-01;2500000;3;11;1;44;0;52.5993402;39.5682171;0;0;398024;;48;
340;2021-01-01;2450000;16;18;1;37.21;-100;45.013122;39.008272;0;0;350040;334498;23;1409668
341;2021-01-01;7477317;3;14;1;41.4;19.4;55.590612;37.446138;0;2;;587420;77;2837707
342;2021-01-01;900000;1;3;1;37;-100;45.9643212;40.6578709;4;0;353021;501291;23;645104
343;2021-01-01;7557764;5;14;1;41.4;19.4;55.590612;37.446138;0;2;;587420;77;2837707
344;2021-01-01;3450000;1;10;-1;42.8;1;55.125896;82.894414;4;2;630040;579548;54;1627459
345;2021-01-01;4250000;5;8;2;54.6;13.5;55.125896;82.894414;4;2;630040;579548;54;1627459
346;2021-01-01;17140000;2;9;3;61.4;6.5;55.740456;37.56735;4;0;121059;287577;77;1038722
347;2021-01-01;7814056;12;14;1;41.3;19.1;55.590612;37.446138;0;2;;587420;77;2837707
348;2021-01-01;3600000;4;8;-1;41.8;3.9;55.125896;82.894414;4;2;630040;579548;54;1627459
349;2021-01-01;1350000;11;17;-1;19.6;3;54.934666;83.11958;0;0;630068;312570;54;2047558
350;2021-01-01;2100000;2;14;1;52.9;13;51.533557;46.034257;4;2;410000;;64;1179151
351;2021-01-01;3450000;2;10;-1;41.6;6.3;55.125896;82.894414;4;2;630040;579548;54;1627459
352;2021-01-01;2190000;3;9;3;64.4;8;48.6785456;44.4513446;2;0;400002;329938;34;2444154
353;2021-01-01;4900000;5;10;-1;68.6;7.1;55.125896;82.894414;4;2;630040;579548;54;1627459
354;2021-01-01;5800000;10;10;3;79.7;16.4;55.125896;82.894414;4;2;630040;579548;54;1627459
355;2021-01-01;9000000;7;12;3;113.5;0;54.516757;36.282433;0;0;248018;;40;
356;2021-01-01;400000;2;2;3;40.6;-100;56.0513023;60.176579;4;0;456818;;74;1259622
357;2021-01-01;1860000;2;3;2;40;7;57.5963172;39.8840237;4;0;150030;283945;76;1350750
358;2021-01-01;6600000;15;16;2;62;11;55.630367;38.0542662;3;0;140140;255723;50;1727236
359;2021-01-01;3570000;2;6;2;44.4;0;58.007685;56.223002;0;0;614068;;59;
360;2021-01-01;8546021;2;15;1;47.3;17.6;55.590612;37.446138;0;2;;587420;77;2837707
361;2021-01-01;1850000;10;21;-1;25;0;44.679269;37.77732;3;0;353925;;23;
362;2021-01-01;4830000;4;10;-1;70.7;5.2;55.125896;82.894414;4;2;630040;579548;54;1627459
363;2021-01-01;1450000;1;2;1;35.3;7.1;48.6908014;44.4712863;0;0;400120;;34;
364;2021-01-01;1975000;3;5;1;30.8;0;54.1518;37.59137;0;0;300026;;71;
365;2021-01-01;6144912;12;12;1;49.12;20.3;60.060873;30.403041;0;2;188660;;47;
366;2021-01-01;3600000;9;9;1;48.7;10;48.7256265;44.5270099;3;0;400050;574619;34;2147960
367;2021-01-01;1710720;12;17;-1;27;3;54.9883989;82.7836892;3;2;630121;148589;54;2314842
368;2021-01-01;3950000;1;9;2;51;9;50.5556839;36.5755049;2;0;308004;142358;31;2484431
369;2021-01-01;1490000;6;10;1;34;10;59.1890518;39.9323019;4;0;160033;;35;
370;2021-01-01;1050000;4;4;2;43.2;5.9;44.15814;133.25696;4;0;692337;;68;
371;2021-01-01;1499000;5;5;1;32;8;43.5060745;43.6461525;4;0;360024;150266;7;2145863
372;2021-01-01;4400000;1;10;-1;58.1;5.6;55.125896;82.894414;4;2;630040;579548;54;1627459
373;2021-01-01;1200000;8;8;2;54;-100;58.6281032;59.855919;4;0;624222;469994;66;1569097
374;2021-01-01;1975000;5;10;-1;21.9;-100;60.802338;30.1178839;4;2;188750;;47;2813621
375;2021-01-01;4870000;9;12;2;61.2;12.9;54.5786361;36.2568607;3;0;248012;325197;40;2406593
376;2021-01-01;1250000;6;10;-1;24.1;-100;55.0981614;61.4824773;2;0;454139;256024;74;2273703
377;2021-01-01;5150000;9;10;4;83.6;10.3;44.872946;37.3296834;2;0;353454;543620;23;2307522
378;2021-01-01;1600000;1;5;2;36.6;18.6;51.836534;55.123824;0;0;460038;;56;
379;2021-01-01;11750000;17;17;3;76.6;11;55.669064;37.767284;2;0;109559;145972;77;658899
380;2021-01-01;3450000;2;9;2;45;-100;55.0116976;82.951574;2;0;630009;306574;54;2499012
381;2021-01-01;1975000;2;2;3;52.2;7.3;56.8453617;35.8383495;6;0;170004;171437;69;2068809
382;2021-01-01;4100000;7;10;4;82.4;10.2;44.7416954;37.725431;2;0;353912;568636;23;1225004
383;2021-01-01;7366780;12;15;1;36.8;16.6;55.590612;37.446138;0;2;;587420;77;2837707
384;2021-01-01;4100000;5;9;3;64.3;8.5;44.6872421;37.7702574;2;0;353922;347807;23;694218
385;2021-01-01;2250000;9;17;1;46.4;15.5;51.8107347;55.1780985;2;0;460060;196648;56;2580934
386;2021-01-01;8195714;14;15;1;39.5;17.7;55.590612;37.446138;0;2;;587420;77;2837707
387;2021-01-01;16053459;4;9;4;93.9;18;55.590612;37.446138;0;2;;587420;77;2837707
388;2021-01-01;4800000;9;10;2;61.8;13.7;55.125896;82.894414;4;2;630040;579548;54;1627459
389;2021-01-01;4900000;8;10;-1;70.7;5.2;55.125896;82.894414;4;2;630040;579548;54;1627459
390;2021-01-01;6500000;7;14;2;57;8.1;55.6586907;37.2049024;2;0;143072;386296;50;1921879
391;2021-01-01;2950000;1;5;2;53.5;-100;57.1488086;65.4926527;4;0;625025;;72;
392;2021-01-01;1370000;3;3;2;37.8;5;48.794055;44.5836444;0;0;400065;;34;
393;2021-01-01;15495861;2;9;4;94;18;55.590612;37.446138;0;2;;587420;77;2837707
394;2021-01-01;6996766;10;16;1;38.8;16.4;55.590612;37.446138;0;2;;587420;77;2837707
395;2021-01-01;1850000;5;5;3;42.4;0;51.770405;55.11902;0;0;460024;;56;
396;2021-01-01;3300000;7;9;2;57;12;56.655857;124.7219033;2;0;678960;201418;14;1786420
397;2021-01-01;19856340;5;8;2;36.9;16.8;59.906273;30.31745;3;2;;;78;
398;2021-01-01;3672900;2;25;-1;19.8;5.1;55.701465;37.883626;2;2;140007;467353;50;2694227
399;2021-01-01;9270720;15;25;3;92.8;22.9;55.701465;37.883626;2;2;140007;467353;50;2694227
400;2021-01-01;2899000;3;9;4;87;9;54.6362847;39.7192688;5;0;390000;511485;62;1915097
401;2021-01-01;5200000;8;10;-1;68.3;5;55.125896;82.894414;4;2;630040;579548;54;1627459
402;2021-01-01;11966300;9;11;2;70.4;10.9;44.5011541;34.1728905;0;0;298600;456411;91;2515484
403;2021-01-01;4500000;7;9;3;62;7;44.6890581;37.7793166;5;0;353920;246582;23;1386987
404;2021-01-01;1850000;5;25;1;50.4;20;51.5034082;46.1579123;3;2;413106;193591;64;1282933
405;2021-01-01;4900000;6;10;-1;68.6;7.1;55.125896;82.894414;4;2;630040;579548;54;1627459
406;2021-01-01;4850000;3;10;-1;67.2;7.1;55.125896;82.894414;4;2;630040;579548;54;1627459
407;2021-01-01;4800000;3;10;-1;70.7;5.2;55.125896;82.894414;4;2;630040;579548;54;1627459
408;2021-01-01;4700000;1;10;-1;65.8;5.1;55.125896;82.894414;4;2;630040;579548;54;1627459
409;2021-01-01;1160000;3;6;1;34;8;54.2420862;49.5796926;2;0;433504;;73;
410;2021-01-01;13700000;12;25;1;57;12.5;55.748568;37.8612271;0;0;143965;;50;
411;2021-01-01;19121000;7;15;2;63;21;55.807658;37.635045;3;2;;412511;77;1503123
412;2021-01-01;7275600;14;16;1;21.5;-100;55.6023535;37.7335765;0;2;115583;;77;
413;2021-01-01;4550000;6;10;2;61.8;13.7;55.125896;82.894414;4;2;630040;579548;54;1627459
414;2021-01-01;5771500;9;11;1;33;0;44.5011541;34.1728905;0;0;298600;456411;91;2515484
415;2021-01-01;1840000;4;5;1;31;0;56.8772263;53.2765836;2;0;426053;177797;18;1104205
416;2021-01-01;4550000;7;10;2;61.8;13.7;55.125896;82.894414;4;2;630040;579548;54;1627459
417;2021-01-01;2090000;7;9;1;35;0;53.226192;44.921154;0;0;440060;;58;
418;2021-01-01;3400000;3;3;1;53;15;44.7503898;37.7156609;5;0;353960;;23;
419;2021-01-01;4800000;5;10;-1;68.3;5;55.125896;82.894414;4;2;630040;579548;54;1627459
420;2021-01-01;3300000;8;14;2;59.8;10;55.3123327;86.1065506;4;2;650040;;42;
421;2021-01-01;3700000;4;4;3;104;0;51.3015825;37.8975931;4;0;309511;301193;31;2005381
422;2021-01-01;4750000;2;10;-1;67.4;5;55.125896;82.894414;4;2;630040;579548;54;1627459
423;2021-01-01;5450000;2;10;3;79.7;16.4;55.125896;82.894414;4;2;630040;579548;54;1627459
424;2021-01-01;8457460;26;33;1;40.7;17.7;55.8813878;37.6354045;3;2;127081;571206;77;692874
425;2021-01-01;12624923;13;15;2;63.18;22;60.0123425;30.0017939;0;2;197755;335187;78;2537251
426;2021-01-01;7940640;18;33;1;42.6;12.4;55.8813878;37.6354045;3;2;127081;571206;77;692874
427;2021-01-01;11000000;2;9;3;55.1;6;55.807415;37.768148;0;0;105122;422233;77;2450261
428;2021-01-01;2950000;4;5;3;66.2;0;57.1766093;65.9244189;2;0;625512;574901;72;2381048
429;2021-01-01;940000;1;4;1;30;5.6;54.007016;38.3141058;4;0;301659;447920;71;638656
430;2021-01-01;2800000;3;3;1;42;12;52.2218984;104.2495058;5;0;664528;;38;2414329
431;2021-01-01;4830000;5;10;-1;70.7;5.2;55.125896;82.894414;4;2;630040;579548;54;1627459
432;2021-01-01;3200000;5;5;3;57;8;46.5669889;39.6330391;4;0;352030;457244;23;2211140
433;2021-01-01;3899295;16;17;-1;26.65;0;55.5639247;37.8255637;0;2;;;50;2266087
434;2021-01-01;3500000;3;10;-1;42.8;7;55.125896;82.894414;4;2;630040;579548;54;1627459
435;2021-01-01;4444265;4;17;1;38.09;12.9;55.5639247;37.8255637;0;2;;;50;2266087
436;2021-01-01;3100000;5;5;3;65;8;44.7328088;37.7343562;2;0;353921;545830;23;1480174
437;2021-01-01;7950000;5;5;3;136;16.4;56.751647;37.172206;3;0;141983;;50;
438;2021-01-01;5200000;10;10;-1;70.7;5.2;55.125896;82.894414;4;2;630040;579548;54;1627459
439;2021-01-01;3600000;7;10;1;44;10;54.6148857;39.6984189;4;0;390026;161921;62;1182653
440;2021-01-01;3500000;7;10;-1;43.3;7;55.125896;82.894414;4;2;630040;579548;54;1627459
441;2021-01-01;4450000;3;10;2;60.3;13.2;55.125896;82.894414;4;2;630040;579548;54;1627459
442;2021-01-01;1100000;3;4;2;42;6.5;57.5110915;38.3061219;4;0;152612;314377;76;814420
443;2021-01-01;2200000;1;5;2;44.3;6;53.6356275;55.9083538;4;0;453118;577493;2;682006
444;2021-01-01;7026807;6;15;1;38.9;16.5;55.590612;37.446138;0;2;;587420;77;2837707
445;2021-01-01;3500000;4;9;3;66;9;54.037113;38.27938;2;0;301670;;71;
446;2021-01-01;450000;3;3;1;12;0;60.0114316;30.3929327;4;0;195220;165977;78;1772087
447;2021-01-01;4450000;9;10;2;53.5;11.1;55.125896;82.894414;4;2;630040;579548;54;1627459
448;2021-01-01;4500000;5;5;2;47;9;53.057323;158.66818;0;0;683038;;41;
449;2021-01-01;4850000;2;10;-1;67.2;7.1;55.125896;82.894414;4;2;630040;579548;54;1627459
450;2021-01-01;4750000;2;10;-1;67.4;5;55.125896;82.894414;4;2;630040;579548;54;1627459
451;2021-01-01;750000;1;2;2;33.6;-100;51.8609168;107.7344471;6;0;670009;;3;
452;2021-01-01;4450000;2;10;2;60.3;13.2;55.125896;82.894414;4;2;630040;579548;54;1627459
453;2021-01-01;1200000;4;5;2;47.1;0;53.8291429;86.7603708;0;0;653017;507784;42;2472596
454;2021-01-01;27778000;22;32;3;86;0;55.6578148;37.5583584;0;2;117246;471256;77;1010750
455;2021-01-01;1200000;1;5;1;35.4;7.2;48.504824;44.478491;5;0;400022;441137;34;1728102
456;2021-01-01;28825000;12;12;2;115.3;-100;44.5511459;34.2883551;3;0;298645;465749;91;2171779
457;2021-01-01;8150000;3;5;2;44.7;5.7;55.6575975;37.7063314;2;0;109235;139499;77;2393861
458;2021-01-01;5650000;4;5;2;48;24.3;44.660756;37.756326;3;0;353993;440054;23;884838
459;2021-01-01;6966031;2;15;1;40.9;19.7;55.590612;37.446138;0;2;;587420;77;2837707
460;2021-01-01;2850000;1;5;3;67.4;0;43.3280257;45.7121438;0;0;364037;270162;20;771391
461;2021-01-01;8057070;1;17;2;60.9;17.1;60.039589;30.257666;0;2;197350;310946;78;1945615
462;2021-01-01;6823675;2;16;1;41.2;19.9;55.590612;37.446138;0;2;;587420;77;2837707
463;2021-01-01;2000000;8;10;1;45;13;52.35008;35.339455;2;0;307179;;46;
464;2021-01-01;8300000;3;12;5;140.7;10;59.759619;30.474277;2;0;196627;518897;78;1067114
465;2021-01-01;3300000;6;8;2;65;13.5;53.2701149;34.4056209;4;0;;;32;
466;2021-01-01;7040477;3;15;1;36.8;16.6;55.590612;37.446138;0;2;;587420;77;2837707
467;2021-01-01;4200000;6;25;1;47;11;53.21312;50.147976;0;0;443068;;63;
468;2021-01-01;4600000;3;17;1;43.4;12.1;55.6576846;37.9958715;3;0;140050;258330;50;2302432
469;2021-01-01;16950000;3;9;5;115;24.4;55.593136;37.448042;3;2;108814;;77;2770934
470;2021-01-01;2500000;5;9;1;32;6;51.654484;39.121593;0;0;394062;;36;
471;2021-01-01;4600000;13;25;1;42;12;56.8101686;60.5720257;3;0;620146;479275;66;1818471
472;2021-01-01;1200000;5;5;1;32;6;48.5084292;44.5720103;4;0;400080;367421;34;2698919
473;2021-01-01;2988000;13;19;-1;21.5;0;60.062687;30.425723;0;0;188662;435371;47;2751262
474;2021-01-01;10000000;19;22;3;74.84;12.4;55.3934239;37.7723097;2;0;142000;222032;50;2305707
475;2021-01-01;7255956;14;15;1;38.6;16.3;55.590612;37.446138;0;2;;587420;77;2837707
476;2021-01-01;3600000;10;17;2;60;-100;45.148416;38.999702;0;0;350031;;23;
477;2021-01-01;4200000;1;10;-1;49;9.9;55.125896;82.894414;4;2;630040;579548;54;1627459
478;2021-01-01;2600000;1;20;1;24.4;-100;45.070848;39.040091;0;0;350901;287609;23;1716369
479;2021-01-01;3000000;15;19;1;39.6;-100;57.1895336;65.6168308;0;0;625029;165032;72;803601
480;2021-01-01;2720000;2;5;2;44;0;56.0342093;92.780327;2;0;660113;452592;24;926274
481;2021-01-01;4850000;1;10;-1;70.7;5.2;55.125896;82.894414;4;2;630040;579548;54;1627459
482;2021-01-01;2500000;3;9;1;27.8;7.2;56.8929555;60.5946566;2;0;620143;514418;66;619512
483;2021-01-01;12516290;6;33;2;72.1;21.3;55.4846387;37.3067639;3;2;108840;;77;2377550
484;2021-01-01;5212720;8;27;3;56.7;-100;54.736231;55.9939425;3;2;450097;226475;2;2406962
485;2021-01-01;9292800;15;15;1;36.3;9.8;55.8832028;37.6355327;3;2;127081;571206;77;2823020
486;2021-01-01;1390000;5;5;1;29;0;55.1701585;61.4639487;4;0;454085;333894;74;1121647
487;2021-01-01;4600000;1;10;4;77;8;44.9308822;34.1007958;5;0;295048;206009;91;2042641
488;2021-01-01;6550000;8;10;2;78;0;44.5755141;33.4603332;2;0;299006;450813;92;709080
489;2021-01-01;5899000;7;17;1;38.5;8.4;55.9105782;37.7363579;0;0;141008;;50;
490;2021-01-01;4550000;4;13;2;63;26;45.072351;38.951696;3;0;350062;172381;23;848077
491;2021-01-01;4150000;3;9;2;50.7;8.6;54.9823999;82.8616254;4;0;630054;266605;54;755185
492;2021-01-01;1350000;4;6;1;44;12;45.0401604;38.9759647;0;0;350087;457110;23;2682333
493;2021-01-01;1820000;5;5;2;44.3;5;48.7966352;44.3553083;0;0;400036;;34;
494;2021-01-01;8489010;7;9;3;84.3;20;55.7540471;37.620405;2;2;;;77;1099463
495;2021-01-01;2100000;2;14;-1;10;2;55.745418;37.8726843;2;0;111672;349581;77;1841439
496;2021-01-01;8305020;9;9;3;77.4;17.5;55.7540471;37.620405;2;2;;;77;1099463
497;2021-01-01;4550000;5;10;2;61.5;12.7;55.125896;82.894414;4;2;630040;579548;54;1627459
498;2021-01-01;5500000;5;9;4;80;9;51.716743;39.178584;2;0;394077;125005;36;933491
499;2021-01-01;3450000;1;9;-1;16.9;2;55.623768;37.719486;2;0;115563;356006;77;1864623
500;2021-01-01;1700000;6;9;1;35;8.5;56.1106095;40.2786852;4;0;600901;183780;33;1286886
501;2021-01-01;7700000;6;10;3;113.6;19.6;54.9047714;52.2701861;4;0;423403;417547;16;969730
502;2021-01-01;8463200;1;5;2;86.16;33.1;59.7560585;30.3664497;0;2;196626;385929;78;1668735
503;2021-01-01;4900000;9;10;-1;70.7;5.2;55.125896;82.894414;4;2;630040;579548;54;1627459
504;2021-01-01;1250000;3;3;3;60;10;54.245686;49.571976;4;0;433515;;73;
505;2021-01-01;2197000;9;11;2;59;10;51.5034082;46.1579123;3;2;413106;193591;64;1282933
506;2021-01-01;8000000;1;4;3;61;-100;43.4764253;39.9024211;3;0;354340;167461;23;977857
507;2021-01-01;690000;5;5;1;29.8;5.5;57.2058226;39.4346975;2;0;152150;;76;2746345
508;2021-01-01;7990000;1;14;3;95;0;53.199864;44.991348;0;0;440008;;58;
509;2021-01-01;12504440;9;33;2;72.3;20.8;55.4846387;37.3067639;3;2;108840;;77;2377550
510;2021-01-01;8100000;7;11;3;90;15;52.2623814;104.3025011;3;0;;482732;38;1024304
511;2021-01-01;1820000;2;10;1;42;20;59.1890518;39.9323019;4;0;160033;;35;
512;2021-01-01;1490000;2;10;1;34;10;59.1890518;39.9323019;4;0;160033;;35;
513;2021-01-01;6000000;1;17;2;54.1;0;55.978166;92.811528;0;0;660006;;24;
514;2021-01-01;7775577;6;9;1;41;18.2;55.590612;37.446138;0;2;;587420;77;2837707
515;2021-01-01;1850000;3;10;1;42;19;59.1890518;39.9323019;4;0;160033;;35;
516;2021-01-01;1490000;8;10;1;33;10;59.1890518;39.9323019;4;0;160033;;35;
517;2021-01-01;1550000;1;10;1;38;14;59.1890518;39.9323019;4;0;160033;;35;
518;2021-01-01;999000;11;12;2;35;6;53.536589;49.279753;4;0;445024;314341;63;1531899
519;2021-01-01;7330000;5;7;3;82.03;10.8;57.1704681;65.5516073;0;2;625005;412006;72;2083801
520;2021-01-01;4300000;7;8;2;54.6;13.5;55.125896;82.894414;4;2;630040;579548;54;1627459
521;2021-01-01;9158695;12;15;1;46.8;17.3;55.590612;37.446138;0;2;;587420;77;2837707
522;2021-01-01;1800000;1;2;2;47;-100;54.0410233;37.5106958;5;0;301212;463261;71;1913249
523;2021-01-01;1450000;1;5;2;50.3;8.6;52.98812;49.7158105;5;0;446110;496494;63;975363
524;2021-01-01;3405000;6;8;1;36.3;16;59.956723;30.597077;3;2;188689;;47;
525;2021-01-01;3500000;2;10;-1;42.8;7;55.125896;82.894414;4;2;630040;579548;54;1627459
526;2021-01-01;5736570;13;25;1;41.3;21.4;55.701465;37.883626;2;2;140007;467353;50;2694227
527;2021-01-01;6900000;2;10;-1;98.5;12.1;55.125896;82.894414;4;2;630040;579548;54;1627459
528;2021-01-01;2800000;1;2;2;38;0;56.4803236;85.0323434;5;0;634021;530181;70;1585787
529;2021-01-01;11404076;14;15;2;51.36;12.5;60.0123425;30.0017939;0;2;197755;335187;78;2537251
530;2021-01-01;3465000;9;17;2;59.38;0;47.2700772;39.6661727;0;2;344069;465137;61;1893938
531;2021-01-01;3140000;1;5;4;58.2;-100;54.199153;37.684829;2;0;300021;;71;
532;2021-01-01;1200000;1;3;3;63.1;7.5;54.3984493;40.1292173;0;0;391069;;62;1080383
533;2021-01-01;1200000;5;5;1;18;-100;54.7899092;56.0328041;4;0;450075;352739;2;1028800
534;2021-01-01;730000;2;5;1;12;-100;52.537743;39.57317;4;0;398006;;48;
535;2021-01-01;2600000;2;2;2;130;-100;56.081231;63.700507;4;0;641837;;45;
536;2021-01-01;4626550;2;3;1;54.43;11.1;44.569277;33.40451;4;2;299024;266984;92;1005968
537;2021-01-01;8114590;1;9;3;78.1;-100;55.5642346;37.2880512;0;2;108821;;77;1741230
538;2021-01-01;5611980;4;9;1;36.3;17.3;55.5642346;37.2880512;0;2;108821;;77;1741230
539;2021-01-01;56711325;3;18;3;140;16;55.636001;37.541278;3;0;117342;179490;77;990959
540;2021-01-01;1940000;5;9;1;35.1;8;48.8207585;44.6221322;2;0;400033;181539;34;2511537
541;2021-01-01;5227120;3;16;1;44.6;22.3;55.5338383;37.6128481;0;2;;311601;50;2509026
542;2021-01-01;3696000;7;19;2;44;0;55.1080737;82.9427378;1;2;630061;548743;54;2791528
543;2021-01-01;1170000;2;3;2;50.8;0;51.5866682;45.8350717;0;0;410507;527501;64;2019910
544;2021-01-01;5700000;10;16;3;81;10.6;44.6948021;37.786651;3;0;353910;205189;23;1818754
545;2021-01-01;4300000;2;2;3;76.5;10;61.780455;34.3962363;0;0;185005;245007;10;956902
546;2021-01-01;20900000;19;22;4;99.8;11.5;55.663674;37.74869;2;0;109341;126449;77;1873459
547;2021-01-01;2407000;2;10;2;42;0;53.350843;83.670622;0;0;656065;;22;
548;2021-01-01;5550000;13;16;3;81.1;10.6;44.6948021;37.786651;3;0;353910;205189;23;1818754
549;2021-01-01;8000000;1;14;1;39.8;9;55.7403622;37.8480112;0;0;111673;349581;77;750834
550;2021-01-01;2280000;18;25;-1;27;-100;51.6593332;39.1969229;3;2;394000;;36;980206
551;2021-01-01;750000;4;5;3;53;-100;58.2806367;59.7727448;5;0;624300;203929;66;2012925
552;2021-01-01;699000;2;5;2;30.6;6;51.8061605;55.0874392;4;0;460022;519095;56;2302918
553;2021-01-01;16000000;12;27;2;55;-100;55.7683165;37.4990853;3;0;123308;541496;77;2782865
554;2021-01-01;1900000;5;9;1;21.5;5;44.7378762;37.7319824;2;0;353912;585684;23;1478971
555;2021-01-01;2200000;2;2;2;45;0;47.253684;39.710243;0;0;;;61;
556;2021-01-01;2250000;2;5;2;47;6.7;45.0923631;39.1222514;2;0;350060;535897;23;1066762
557;2021-01-01;3000000;1;2;3;70;0;52.0405292;113.4653765;4;0;672014;222066;75;1705047
558;2021-01-01;3551200;1;6;-1;18.5;-100;55.630863;37.601358;2;0;117208;119198;77;2746931
559;2021-01-01;3600000;5;13;2;36.8;9.7;44.9003027;37.3414076;1;0;353445;187060;23;808630
560;2021-01-01;1700000;2;2;2;49;12;44.1067896;42.9668903;4;0;;452462;26;2113832
561;2021-01-01;5900000;4;17;2;59.4;-100;57.1719095;65.5641207;3;0;625022;311512;72;2038366
562;2021-01-01;3670000;15;16;1;43.5;0;57.1385312;65.5035315;4;0;625049;358615;72;815366
563;2021-01-01;7793740;13;14;1;36.2;17;55.4846387;37.3067639;0;2;108840;;77;2377550
564;2021-01-01;3500000;1;9;3;54;9;44.6878793;37.7709962;2;0;353922;347807;23;2738016
565;2021-01-01;980000;4;8;1;13;0;57.1182898;65.619538;0;0;625019;;72;
566;2021-01-01;1600000;1;3;2;40.5;6;58.163403;56.30553;4;0;614029;;59;
567;2021-01-01;3599000;9;13;1;42.7;0;57.1069514;65.5730659;4;0;625033;184284;72;681432
568;2021-01-01;1500000;1;2;3;61;12;49.64095;117.338234;6;0;674650;546983;75;1586567
569;2021-01-01;8489010;7;9;3;84.3;20;55.5642346;37.2880512;0;2;108821;;77;1741230
570;2021-01-01;8305020;9;9;3;77.4;17.5;55.5642346;37.2880512;0;2;108821;;77;1741230
571;2021-01-01;3300000;5;5;2;50;9;44.692241;37.7766693;2;0;353920;205189;23;1968208
572;2021-01-01;3550000;2;5;2;46;6;44.7291623;37.754011;2;0;353907;354082;23;1022780
573;2021-01-01;8404710;3;9;3;84.3;20;55.5642346;37.2880512;0;2;108821;;77;1741230
574;2021-01-01;6850000;12;13;2;67;12.37;55.6589608;37.9884505;0;0;;;50;1709069
575;2021-01-01;8653890;9;9;3;84.1;20;55.5642346;37.2880512;0;2;108821;;77;1741230
576;2021-01-01;1870000;2;3;4;78;8;54.6324989;39.7270572;4;0;390000;485231;62;1460021
577;2021-01-01;4000000;7;17;3;59;0;56.5207872;84.9333803;2;0;634024;460950;70;1329234
578;2021-01-01;15000000;5;6;3;128.7;24.5;55.021374;82.9201965;4;0;630007;;54;
579;2021-01-01;2740000;2;5;3;57.9;0;56.7908407;60.7756353;2;0;620007;574224;66;2619268
580;2021-01-01;6948000;4;9;2;57.9;11.4;55.5642346;37.2880512;0;2;108821;;77;1741230
581;2021-01-01;550000;2;5;1;16.7;0;55.3434383;86.0019403;2;0;650021;455522;42;1305854
582;2021-01-01;1050000;5;5;1;32.6;6.6;56.0878104;63.611567;0;0;641876;;45;
583;2021-01-01;2600000;2;5;2;45.2;5.7;54.80889;56.099648;0;0;450061;;2;
584;2021-01-01;11105280;14;25;4;115.2;20.5;55.701465;37.883626;2;2;140007;467353;50;2694227
585;2021-01-01;2500000;11;12;1;73;25;42.9785481;47.5073993;4;2;367000;168735;5;1775293
586;2021-01-01;65000000;5;9;7;203;17;55.775236;37.618372;3;0;127473;478071;77;1380802
587;2021-01-01;3500000;7;10;3;68.3;9.9;44.7396786;37.7266468;2;0;353912;568636;23;945212
588;2021-01-01;42900000;7;9;3;109;8;55.775236;37.618372;3;0;127473;478071;77;1380802
589;2021-01-01;4600000;1;9;2;74;10;55.809164;38.4365843;5;0;144006;538432;50;2741791
590;2021-01-01;4850000;6;7;2;72;0;61.7732505;34.3861489;4;0;185003;345475;10;2331740
591;2021-01-01;4150000;11;17;1;32.3;8.7;60.0619243;30.462332;3;0;188678;553400;47;912373
592;2021-01-01;10600000;7;25;2;61;0;55.694648;37.3223766;3;0;143001;299347;50;1277096
593;2021-01-01;3105900;2;8;1;34;0;54.6512443;55.9262129;0;2;450018;437157;2;970617
594;2021-01-01;4150000;6;6;2;48.23;0;54.6512443;55.9262129;0;2;450018;437157;2;970617
595;2021-01-01;5999993;7;8;3;57.4;5.4;56.3178638;43.9966344;4;0;603000;540627;52;2252870
596;2021-01-01;4590000;12;14;3;76.52;0;54.3405844;38.2539998;0;2;301321;474640;71;1014654
597;2021-01-01;3850000;2;9;3;63;9;55.3424428;86.1908434;2;0;650003;350047;42;1725578
598;2021-01-01;4181400;15;18;1;38.5;-100;60.046193;30.4458901;4;2;188662;;47;2375538
599;2021-01-01;3500000;5;5;3;57.3;6;44.616238;40.068338;0;0;385000;;1;
600;2021-01-01;6835900;1;9;2;39.4;4.9;55.5704931;37.4754231;0;2;108814;223404;77;2403357
601;2021-01-01;3450000;5;5;3;57;0;44.616238;40.068338;0;0;385000;;1;
602;2021-01-01;1790000;4;4;2;43.5;6.1;48.7954427;44.5896261;4;0;400065;128586;34;1541043
603;2021-01-01;3500000;6;9;1;34.2;-100;44.9639344;34.1168491;2;0;295034;402122;91;1205597
604;2021-01-01;9750000;1;7;4;150;18;52.716873;41.46187;4;2;392036;;68;
605;2021-01-01;100000000;34;47;6;236;0;55.7144901;37.5064878;0;0;119330;422208;77;1223914
606;2021-01-01;11915520;8;17;2;69.6;12.9;55.721813;37.7752729;3;2;109428;374042;77;2437332
607;2021-01-01;1350000;1;4;1;28;7;44.603674;40.097327;0;0;385000;;1;
608;2021-01-01;8990000;20;34;-1;29.5;8.5;55.7540471;37.620405;3;0;101000;;77;1703143
609;2021-01-01;1560000;5;5;1;33;-100;45.0858638;39.0420866;4;0;350073;;23;1467740
610;2021-01-01;1000000;2;2;3;56.3;0;51.332483;35.227299;0;0;307835;;46;
611;2021-01-01;11000000;5;22;1;38;10;55.6463533;37.4998815;2;0;117198;561639;77;670772
612;2021-01-01;8614560;3;9;2;54.8;21.3;55.638429;37.652912;0;2;115477;;78;
613;2021-01-01;7000000;5;16;3;61;11;55.9216833;37.6608254;0;0;141031;184533;50;1979567
614;2021-01-01;5500000;5;5;2;60.4;0;61.259858;73.391389;2;0;628418;315375;86;2337012
615;2021-01-01;8055490;16;25;2;54.1;11.6;55.677636;37.865328;2;2;140003;511823;50;1865879
616;2021-01-01;1450000;6;16;-1;24;-100;45.073;38.904714;4;0;350012;490507;23;1254605
617;2021-01-01;4105839;7;8;-1;24.06;5;55.7540471;37.620405;0;2;;;77;815765
618;2021-01-01;2200000;9;10;1;40;9;55.6764172;52.3217945;4;0;423800;398131;16;1262243
619;2021-01-01;2200000;3;24;1;27.4;-100;55.987951;92.86619;0;0;660012;;24;
620;2021-01-01;5500000;8;9;3;65.1;0;55.8230976;49.0966484;4;0;420066;319814;16;674580
621;2021-01-01;4700000;1;3;3;74.1;13.6;44.7386846;37.7136681;3;2;353960;439378;23;741286
622;2021-01-01;3000000;3;3;1;50.7;15;44.7386846;37.7136681;1;2;353960;439378;23;1930835
623;2021-01-01;2270000;1;9;1;41;9;54.9323608;82.9104662;2;0;630106;116678;54;1612120
624;2021-01-01;4250000;10;11;3;78;12;54.9907669;73.4153186;2;0;644031;511434;55;2109258
625;2021-01-01;3502000;3;13;1;43.2;10.3;44.9003027;37.3414076;1;0;353445;187060;23;808630
626;2021-01-01;2350000;1;2;2;40;0;57.2057179;65.6055439;4;0;625059;435422;72;1876574
627;2021-01-01;3200000;2;19;1;29.7;0;57.114924;65.547632;3;2;625062;478426;72;1198107
628;2021-01-01;3647800;7;9;2;79.3;-100;42.8916007;47.6367066;4;2;368300;494738;5;1314126
629;2021-01-01;3200074;2;8;-1;24.2;0;59.9391313;30.3159004;0;2;198515;204813;78;2381326
630;2021-01-01;8750000;4;10;4;120;35;56.862386;60.643854;4;0;620137;167658;66;1183944
631;2021-01-01;5100000;9;13;1;31;5.4;60.0386366;30.4009942;4;0;195269;516495;78;1626093
632;2021-01-01;3000000;2;4;1;30.5;5;44.8665865;37.3348138;3;2;353454;543620;23;2222280
633;2021-01-01;3955116;15;18;1;36.1;-100;60.046193;30.4458901;4;2;188662;;47;2375538
634;2021-01-01;1300000;1;2;2;54;-100;61.624932;72.1464322;6;0;628449;251276;86;2350745
635;2021-01-01;22000000;6;12;2;56.8;9;55.7816598;37.5871043;4;0;127055;561354;77;1314763
636;2021-01-01;5522790;14;17;1;35.7;17;55.6640115;37.8550703;0;2;140055;;50;1038736
637;2021-01-01;5100000;3;17;-1;51.38;14.38;55.0413762;82.9707437;1;2;630089;490521;54;1595450
638;2021-01-01;2500000;7;9;1;38;9.2;52.765633;41.400658;0;0;392027;;68;
639;2021-01-01;2950000;8;16;1;42;12;45.081229;38.975879;4;0;350090;159216;23;989462
640;2021-01-01;2800000;2;10;4;88;8;55.464243;65.274212;2;0;640023;;45;
641;2021-01-01;9717840;12;32;1;40.9;20.9;55.6917008;37.4689582;0;2;119361;585425;50;2272149
642;2021-01-01;2699000;9;23;1;37.1;17.1;48.721423;44.471332;3;2;400081;569284;34;788683
643;2021-01-01;2070000;2;3;1;33;12;54.7433256;56.0050833;4;0;450097;171914;2;2265705
644;2021-01-01;2600000;5;5;3;62.9;6;55.381336;43.834084;4;0;607233;;52;
645;2021-01-01;2150000;6;16;1;32;-100;45.0621122;39.0358413;5;0;350901;135590;23;2385171
646;2021-01-01;2350000;2;5;2;51.8;7;51.5247187;46.033247;0;0;410028;;64;
647;2021-01-01;2400000;3;3;1;39.6;0;56.0338681;92.8634453;4;0;660056;555698;24;2363883
648;2021-01-01;3670000;7;9;2;44.1;0;57.1278196;65.5876615;4;0;625035;409546;72;603838
649;2021-01-01;1050000;2;3;2;43;-100;56.2825965;39.4107694;4;0;601770;439720;33;2245982
650;2021-01-01;3950000;3;14;2;42.6;8.3;53.331725;83.780216;0;0;656043;164055;22;2584232
651;2021-01-01;3300000;10;16;1;38;10.1;44.6763944;37.7942066;2;0;353924;351003;23;669301
652;2021-01-01;3068641;17;27;2;63.97;22.6;54.6066536;39.7858778;0;2;390037;437992;62;2109084
653;2021-01-01;5300000;7;9;2;64.8;15.5;44.8744308;37.3400555;2;0;353451;457599;23;1846411
654;2021-01-01;1440000;1;9;-1;20;0;44.8744308;37.3400555;2;0;353451;457599;23;1878359
655;2021-01-01;9901180;21;25;1;64;29.1;59.839637;30.356625;1;2;196142;503941;78;749030
656;2021-01-01;4096723;21;27;3;87.22;22.8;54.6066536;39.7858778;0;2;390037;437992;62;2109084
657;2021-01-01;5890000;2;4;1;34.4;9;55.888657;37.4303702;2;0;141435;505643;50;2691238
658;2021-01-01;300000;1;5;3;68;9;55.130245;126.782928;2;0;676251;;28;
659;2021-01-01;2870000;12;21;1;37.6;0;44.6806009;37.7804961;0;0;353925;360335;23;2267982
660;2021-01-01;9390000;23;25;3;86.2;24;60.082305;30.343842;4;0;194358;130356;78;1520223
661;2021-01-01;2147617;23;27;1;44.77;19.8;54.6066536;39.7858778;0;2;390037;437992;62;2109084
662;2021-01-01;9500000;2;25;2;64.8;13.8;55.703217;37.93155;0;0;111674;137132;77;1223376
663;2021-01-01;2600000;1;3;3;58.6;6.5;54.9761845;73.4042642;0;0;644001;;55;
664;2021-01-01;2600000;2;3;1;41;13;44.0373928;42.8739753;4;0;357635;220126;26;711953
665;2021-01-01;800000;5;5;2;30;15;53.645511;52.104119;4;0;446454;;63;
666;2021-01-01;1350000;1;5;2;44;-100;53.8376614;87.1712594;2;0;654038;279896;42;1702072
667;2021-01-01;7100000;8;9;3;98.6;0;57.173352;65.560118;4;0;;412006;72;940853
668;2021-01-01;2550000;5;5;1;30;6;52.264597;104.2043615;2;0;664043;403143;38;2618566
669;2021-01-01;4800000;4;5;3;81;28;47.124834;39.747541;0;0;346887;;44;
670;2021-01-01;550000;1;2;1;30.5;6.5;52.547324;31.8898684;4;0;243020;;32;
671;2021-01-01;2800000;2;10;1;37;10.2;54.9854339;83.0425741;2;0;630114;;54;
672;2021-01-01;5641600;6;9;1;34.4;11;55.5642346;37.2880512;0;2;108821;;77;1741230
673;2021-01-01;4800234;5;26;1;34.37;11.1;59.9391313;30.3159004;0;2;190000;;78;1402094
674;2021-01-01;5980000;17;17;1;43;9;55.538743;37.720753;3;0;142701;279149;50;2081070
675;2021-01-01;8500000;3;6;3;127.4;23.7;57.1409284;65.5573145;4;0;625048;259079;72;1063178
676;2021-01-01;12430000;3;16;3;110.3;17.4;56.8226041;60.5904058;3;0;620144;340642;66;1490972
677;2021-01-01;2750000;13;18;-1;28.41;0;44.7125755;37.7730566;3;2;353915;145661;23;1537102
678;2021-01-01;4050000;5;16;1;56.38;11;44.6933986;37.7828461;3;0;353910;205189;23;2801480
679;2021-01-01;1680000;1;5;2;42;0;52.70565;41.393597;0;0;392004;;68;
680;2021-01-01;4586400;1;9;1;36;-100;55.5642346;37.2880512;0;2;108821;;77;1741230
681;2021-01-01;3300000;10;18;2;45.27;5.64;44.7125755;37.7730566;1;2;353915;145661;23;1537102
682;2021-01-01;7300000;4;18;3;69.95;3.9;55.028191;82.9211489;0;2;630000;;54;856810
683;2021-01-01;6364680;3;18;2;75.77;15.23;44.7125755;37.7730566;3;2;353915;145661;23;1537102
684;2021-01-01;5500199;24;24;1;35.57;10.1;59.9391313;30.3159004;0;2;190000;;78;1402094
685;2021-01-01;10300000;6;17;3;82.2;10.7;55.701587;37.946598;2;0;111674;380918;77;1059464
686;2021-01-01;5500000;17;17;2;62;-100;51.6593332;39.1969229;3;2;394000;;36;980206
687;2021-01-01;4150000;1;9;1;38;11;44.8853643;37.3267643;5;0;353451;223346;23;2748712
688;2021-01-01;2750000;14;18;-1;28.41;0;44.7125755;37.7730566;3;2;353915;145661;23;1537102
689;2021-01-01;1800000;1;5;1;31;6;56.1262;101.15414;2;0;665770;381072;38;2378340
690;2021-01-01;3700000;5;9;3;74;9;46.35881;48.06543;2;0;414041;;30;
691;2021-01-01;2900000;8;9;1;40;10;54.567085;36.223854;0;0;248029;293459;40;1670528
692;2021-01-01;2500000;2;19;2;36.8;5;55.4155753;55.5582214;3;0;452450;;2;2157558
693;2021-01-01;1000000;2;5;2;42;7;52.0272661;47.7810269;2;0;413849;316108;64;727810
694;2021-01-01;19700000;7;7;3;108.1;20;59.8511515;30.3304115;0;0;196135;337944;78;1413914
695;2021-01-01;3650000;1;5;3;74;8.5;48.7176803;44.5333178;0;0;400005;;34;
696;2021-01-01;3150000;1;10;3;69;9;51.592697;39.246193;2;0;394090;205259;36;2662104
697;2021-01-01;4058176;9;13;2;63.6;14;51.6593332;39.1969229;2;2;394000;;36;980206
698;2021-01-01;2150000;1;4;2;43;-100;54.8995809;52.2946634;2;0;423450;547132;16;1829138
699;2021-01-01;3090707;10;27;3;64.43;0;54.6066536;39.7858778;0;2;390037;437992;62;2109084
700;2021-01-01;2850000;2;9;2;41.5;0;57.5769926;39.8594157;4;0;150057;249382;76;2737202
701;2021-01-01;1500000;3;5;2;45;16;53.8688952;44.3714357;4;0;431430;351462;13;2699598
702;2021-01-01;8030062;13;14;1;37.8;17;55.4846387;37.3067639;0;2;108840;;77;2377550
703;2021-01-01;1800000;2;9;2;56;4.5;52.0275169;47.8271353;2;0;413860;288532;64;1599274
704;2021-01-01;1790000;2;2;1;37.5;10;51.718746;55.160879;4;0;460555;;56;
705;2021-01-01;8520000;7;9;2;50;16.1;55.5704931;37.4754231;0;2;108814;223404;77;2403357
706;2021-01-01;2290000;9;9;1;34;6;56.86842;35.88922;2;0;170042;;69;
707;2021-01-01;3917442;10;17;2;63.6;14;51.6593332;39.1969229;2;2;394000;;36;980206
708;2021-01-01;6380000;6;10;2;72.1;12.6;44.87119;37.331367;3;0;353454;543620;23;1426415
709;2021-01-01;8750000;21;25;2;58.5;10.4;55.899925;37.404537;2;0;141501;333265;50;789525
710;2021-01-01;2450000;8;10;1;44.4;11;54.602006;53.706579;4;0;452754;394246;2;1535005
711;2021-01-01;770000;5;5;1;18;-100;56.985692;41.032051;4;0;153006;;37;
712;2021-01-01;1860000;2;5;2;41.5;6;48.7954427;44.5896261;4;0;400065;128586;34;1541043
713;2021-01-01;2400000;1;3;3;66;7;54.9159625;73.4878426;2;0;644120;;55;1401711
714;2021-01-01;7794000;7;7;3;77.94;0;54.9439286;20.1514295;0;2;238560;404443;39;2620078
715;2021-01-01;3628307;3;5;1;25.54;2.02;55.7712692;37.2537202;0;2;143421;360088;50;1826382
716;2021-01-01;2160000;2;9;1;29;10;54.6722453;20.487245;0;0;236005;373511;39;597939
717;2021-01-01;3000000;7;15;1;44.3;0;55.343056;86.083622;0;0;650055;447595;42;2670943
718;2021-01-01;4800000;18;25;2;50;9;56.0471457;92.8942014;1;0;660077;583239;24;674282
719;2021-01-01;13500000;3;17;3;96;15;55.6720286;37.873126;3;0;140011;585513;50;1783417
720;2021-01-01;1600000;1;9;-1;46;0;44.9003027;37.3414076;3;0;353445;187060;23;808630
721;2021-01-01;2599000;14;15;2;44.3;0;55.343056;86.083622;0;0;650055;447595;42;2670943
722;2021-01-01;1550000;1;5;2;46;6;51.5004712;45.9547453;4;0;410015;346281;64;2796414
723;2021-01-01;1500000;2;7;1;43;8;55.1439898;61.4142435;3;0;454091;;74;
724;2021-01-01;2617000;5;23;1;34.8;15.9;48.721423;44.471332;3;2;400081;569284;34;788683
725;2021-01-01;5589200;18;25;2;35.6;5.8;55.6640115;37.8550703;0;2;140055;;50;1038736
726;2021-01-01;5508510;16;17;1;35.7;17;55.6640115;37.8550703;0;2;140055;;50;1038736
727;2021-01-01;6923280;9;9;2;54.6;10.6;55.5642346;37.2880512;0;2;108821;;77;1741230
728;2021-01-01;8981600;17;17;3;87.2;19.6;55.6640115;37.8550703;0;2;140055;;50;1038736
729;2021-01-01;2250000;9;9;1;22;5;53.209373;50.143726;0;0;443110;;63;
730;2021-01-01;2100000;1;10;1;41;11;56.11183;47.223042;4;0;428010;134946;21;739549
731;2021-01-01;9515800;12;16;4;93.1;-100;56.0250331;37.8593113;3;2;141202;;50;
732;2021-01-01;3599000;13;16;1;48;12;57.1470301;65.643206;3;0;625014;191821;72;747369
733;2021-01-01;10087500;14;17;2;53.8;19;55.8047361;37.7508978;2;2;107553;434946;77;822493
734;2021-01-01;2200000;5;5;1;30;0;57.1343007;65.5945079;2;0;625013;;72;
735;2021-01-01;3300000;3;5;3;76;17;53.240856;34.365444;0;0;241050;;32;
736;2021-01-01;5300000;10;14;2;65;14.1;54.743614;20.486493;5;0;236001;340116;39;633116
737;2021-01-01;2469500;5;10;1;46.2;14.2;47.269325;39.6604818;0;2;344069;149475;61;1703881
738;2021-01-01;9751264;4;25;3;83.3;10.3;56.1317128;38.4118439;0;2;;;50;1111547
739;2021-01-01;2150000;3;4;1;37;-100;44.645059;39.180084;3;0;353293;201368;23;712585
740;2021-01-01;1970000;4;5;2;44.9;6.1;48.7630139;44.4801074;2;0;400075;393663;34;2694023
741;2021-01-01;4400224;2;8;1;31;-100;59.833059;30.173737;4;2;190000;324805;78;1398154
742;2021-01-01;3250000;8;9;1;28.7;6;59.7394946;30.567329;2;0;196657;430700;78;962850
743;2021-01-01;2469500;8;10;1;46.2;14.2;47.269325;39.6604818;0;2;344069;149475;61;1703881
744;2021-01-01;3771500;3;3;1;39.7;0;44.569277;33.40451;4;2;299024;266984;92;1005968
745;2021-01-01;2450000;7;10;1;32;8;51.717948;36.119721;2;2;305005;;46;
746;2021-01-01;4050000;8;17;2;58;12;54.6046893;36.271727;2;0;248031;564060;40;2505541
747;2021-01-01;6994320;7;9;2;57.9;11.4;55.5642346;37.2880512;0;2;108821;;77;1741230
748;2021-01-01;12767400;9;32;2;51.9;18.9;55.6917008;37.4689582;1;2;119361;585425;77;2272149
749;2021-01-01;5550000;10;13;2;67.2;12.5;44.9003027;37.3414076;4;0;353445;187060;23;808630
750;2021-01-01;3760000;5;10;2;50;10;58.585323;49.591656;0;0;610045;;43;
751;2021-01-01;4100000;3;12;2;71.5;10.8;59.201665;39.871562;4;0;160022;;35;
752;2021-01-01;5550000;7;10;2;55.2;11;57.1529744;65.5344099;3;2;625000;;72;900613
753;2021-01-01;7878634;11;14;1;37.8;17;55.4846387;37.3067639;0;2;108840;;77;2377550
754;2021-01-01;2900000;7;9;2;39;0;56.4732954;85.0477259;4;0;634055;355821;70;1967209
755;2021-01-01;1800000;3;5;2;44.1;4.8;56.4372992;38.2491413;4;0;141321;285382;50;1366714
756;2021-01-01;2850000;1;5;1;30;5.5;55.9623767;37.9129924;0;0;141282;;50;
757;2021-01-01;9100000;3;9;1;45;0;43.4466155;39.9030324;0;0;354340;188462;23;674149
758;2021-01-01;5500000;2;9;4;77.1;9;53.7321145;91.4273497;2;0;655001;348932;19;1026152
759;2021-01-01;5050000;7;11;2;33.4;-100;43.5854551;39.7231548;3;0;354004;214182;23;2050193
760;2021-01-01;1999000;1;5;3;76;8;45.0632293;35.1784447;5;0;297323;316787;91;836210
761;2021-01-01;450000;2;2;2;42;-100;54.1459572;86.6097073;4;0;652729;446030;42;1735686
762;2021-01-01;2270000;14;18;1;22;-100;45.049845;39.030011;3;0;350028;493872;23;1793132
763;2021-01-01;1850000;3;5;3;61;-100;54.6812365;86.1799577;2;0;652515;524770;42;1902575
764;2021-01-01;8771464;3;18;1;55.5;19.4;59.901287;30.43158;3;2;192029;220441;78;1467184
765;2021-01-01;7600000;3;19;1;39.8;12;55.694648;37.3223766;3;0;143001;299347;50;2164569
766;2021-01-01;1200000;4;4;3;61.6;-100;45.1063319;43.4032285;4;0;;292778;26;798436
767;2021-01-01;4036500;1;19;2;62.1;10.52;55.0737959;82.9641684;1;2;630110;382544;54;2210159
768;2021-01-01;5950000;14;21;3;80.27;12.1;57.9941565;56.2855366;0;0;614077;338402;59;1977304
769;2021-01-01;1100000;5;5;1;30.6;6.8;54.8058025;35.9200004;2;0;249832;367449;40;1784984
770;2021-01-01;650000;1;1;3;69;12.7;52.4211073;84.9957442;4;0;659618;322599;22;1752011
771;2021-01-01;6185800;2;32;-1;19.7;5.1;55.6917008;37.4689582;1;2;119361;585425;77;2272149
772;2021-01-01;11865000;8;32;2;52.5;11.7;55.6917008;37.4689582;0;2;119361;585425;50;2272149
773;2021-01-01;2500000;5;5;3;56.8;5.1;44.7960752;44.1701995;4;0;356805;;26;776493
774;2021-01-01;5000000;1;5;3;72;7;56.329068;38.128525;2;0;141301;503535;50;1000770
775;2021-01-01;1680000;14;15;1;24.2;0;55.343056;86.083622;0;0;650055;447595;42;2670943
776;2021-01-01;1730000;9;15;1;27;0;55.343056;86.083622;0;0;650055;447595;42;2670943
777;2021-01-01;1650000;5;15;1;24.3;0;55.343056;86.083622;0;0;650055;447595;42;2670943
778;2021-01-01;9172700;5;10;2;63;14;59.848484;30.120556;3;2;198206;385426;78;2655878
779;2021-01-01;9748920;22;32;1;41.1;21;55.6917008;37.4689582;1;2;119361;585425;77;2272149
780;2021-01-01;3350000;1;6;1;43.8;0;54.901528;73.311142;4;0;644036;;70;
781;2021-01-01;7924571;13;14;1;36.2;17;55.4846387;37.3067639;0;2;108840;;77;2377550
782;2021-01-01;3050000;5;10;2;49;9;51.6593332;39.1969229;4;2;394000;;36;980206
783;2021-01-01;2650000;4;17;2;41.9;18.4;56.8698059;53.2597622;3;0;426060;214249;18;2667293
784;2021-01-01;1550000;2;2;2;46.7;9;45.8473517;40.1545749;6;0;352122;278959;23;2550850
785;2021-01-01;7185600;2;16;2;72;21.4;55.5338383;37.6128481;0;2;;311601;50;2509026
786;2021-01-01;5200000;12;16;3;81.1;10.6;44.6948021;37.786651;3;0;353910;205189;23;1818754
787;2021-01-01;3800000;5;5;2;49.7;8;55.4622534;38.4448133;0;0;140250;513150;50;2748973
788;2021-01-01;6417200;2;16;2;61;22.3;55.5338383;37.6128481;0;2;;311601;50;2509026
789;2021-01-01;2500000;16;16;1;29.3;0;57.1364101;65.471729;2;0;625018;308205;72;2017619
790;2021-01-01;4050000;5;10;3;70;14.3;56.960014;40.969277;2;0;153032;;37;
791;2021-01-01;4450000;19;25;1;19;5.1;55.7014007;37.883703;0;0;140007;467353;50;2694227
792;2021-01-01;3300000;17;18;2;44;9;47.226001;39.590309;2;0;;297197;61;2491403
793;2021-01-01;2450000;4;5;2;44.5;6;56.45756;84.9839;2;0;634012;;70;
794;2021-01-01;2499000;10;10;1;40;10;55.8710593;48.8822884;1;0;422527;586942;16;1353366
795;2021-01-01;7800000;3;9;3;97;10;51.728409;36.179945;4;0;305001;;46;
796;2021-01-01;2200000;4;5;2;46.9;6;48.7995663;44.5915737;2;0;400015;271564;34;2419686
797;2021-01-01;2620000;7;14;2;52;9;59.958034;30.444417;4;0;195248;;48;
798;2021-01-01;3600000;7;16;2;57.3;12.1;58.04935;56.086989;4;0;614067;;59;
799;2021-01-01;2750000;1;2;1;51;21;44.507064;34.14456;5;0;298600;;91;
800;2021-01-01;900000;3;5;1;32;-100;53.9220022;38.0962411;4;0;301632;;71;
801;2021-01-01;1000000;1;2;2;55.6;10;53.9051061;86.7940813;4;0;653007;230359;42;1319707
802;2021-01-01;6500000;4;12;1;36;-100;43.619057;39.72696;3;0;354068;128127;23;2723596
803;2021-01-01;3200000;4;4;1;43.6;7.5;55.5046307;37.7800236;3;0;142712;288782;50;2057046
804;2021-01-01;6700000;9;11;2;67.4;28;44.9001473;37.3328666;1;0;353440;121484;23;1352554
805;2021-01-01;1350000;3;5;1;30.9;6.1;52.6128288;38.4743868;4;0;399784;;48;
806;2021-01-01;15000000;24;24;3;85;10;55.6779175;37.2487439;0;0;143009;390250;50;2411004
807;2021-01-01;2020000;4;5;4;62;6;58.607323;49.61886;2;0;610033;;43;
808;2021-01-01;5519312;13;18;-1;29;-100;59.8851796;30.370481;4;2;192102;188056;78;1235229
809;2021-01-01;2700000;5;5;3;73.9;8.3;59.4526604;29.4932965;2;0;188410;214030;47;2287818
810;2021-01-01;2883600;9;17;-1;48.1;-100;53.3369;83.65426;4;2;656067;562393;22;1501653
811;2021-01-01;2500000;5;5;1;33;8;54.724895;20.553544;0;0;236038;;39;
812;2021-01-01;3200000;5;9;3;56;0;56.463455;84.97086;0;0;634034;;70;
813;2021-01-01;4294459;8;18;-1;25.2;-100;59.8851796;30.370481;3;2;192102;188056;78;1235229
814;2021-01-01;4302967;8;18;-1;25.3;-100;59.8851796;30.370481;3;2;192102;188056;78;1235229
815;2021-01-01;6460000;6;15;2;72.6;12.5;52.0398654;113.4905022;4;0;672007;229050;75;2472984
816;2021-01-01;2660000;4;5;1;36.2;6.9;52.0597865;113.4855647;2;0;672038;571515;75;1553054
817;2021-01-01;3100000;12;15;1;38;8;54.770089;56.076721;4;0;450105;159872;2;1941491
818;2021-01-01;4500000;7;9;1;29;6.6;59.84791;30.378328;2;0;192239;491616;78;1249849
819;2021-01-01;2899000;3;9;2;44;6;44.6901907;37.7608053;2;0;353919;276304;23;826914
820;2021-01-01;3450000;2;3;2;51.3;9.7;58.5849716;49.5764386;0;0;610045;;43;
821;2021-01-01;14300000;1;5;4;98.1;8.7;55.694865;37.748529;4;0;109263;266524;77;1321466
822;2021-01-01;1400000;4;5;2;24;-100;50.8645011;39.0670225;4;0;397853;281229;36;1690714
823;2021-01-01;8924160;12;17;1;44.8;21.2;55.8047361;37.7508978;2;2;107553;434946;77;822493
824;2021-01-01;2435000;9;14;-1;24;0;60.059458;30.457505;0;0;188678;553400;47;923747
825;2021-01-01;5175240;12;24;1;40.4;15.1;55.5204111;37.5966554;2;2;;562605;50;2244773
826;2021-01-01;2500000;2;5;2;46;6;56.0094885;92.9641914;2;0;660037;445312;24;1173830
827;2021-01-01;1280000;5;5;2;46;7;52.9877204;49.7174381;5;0;446110;496494;63;2451835
828;2021-01-01;4900000;3;5;2;45;-100;55.6624022;37.9108546;4;0;;;50;
829;2021-01-01;5473188;2;19;1;43.68;12.2;59.9391313;30.3159004;0;2;190000;;78;1402094
830;2021-01-01;4496578;6;18;-1;24.1;-100;59.8851796;30.370481;3;2;192102;188056;78;1235229
831;2021-01-01;3300000;17;18;2;42;17.3;55.0196767;82.9779439;4;0;630039;442621;54;2637019
832;2021-01-01;7500000;3;5;3;85.8;-100;50.2544646;127.5637348;4;0;675002;483233;28;1237290
833;2021-01-01;2900000;2;5;3;59.8;0;57.1232485;65.5169901;4;0;625032;174788;72;1271082
834;2021-01-01;20399632;9;29;3;70.6;-100;55.718177;37.4299161;3;2;121471;120242;77;2280919
835;2021-01-01;6045880;6;24;2;52.3;11.7;55.5204111;37.5966554;2;2;;562605;50;2244773
836;2021-01-01;5550000;4;6;2;70;22;52.2846367;104.3224761;0;0;664009;116829;38;1447714
837;2021-01-01;1150000;1;5;2;44.6;0;58.6193245;49.6525539;0;0;610006;;43;
838;2021-01-01;6850000;2;12;1;38.1;13;59.9996945;30.3267299;4;2;194156;534802;78;2211505
839;2021-01-01;2850000;4;10;1;34;0;54.7125959;20.5563481;0;0;236003;348460;39;1990011
840;2021-01-01;3550000;1;5;3;49;6;45.0074959;39.0340074;4;0;350011;474181;23;658963
841;2021-01-01;1150000;1;6;-1;19.6;0;44.9089717;37.3463161;5;0;353431;362162;23;1575156
842;2021-01-01;2937683;6;27;2;61.24;24.6;54.6066536;39.7858778;0;2;390037;437992;62;2109084
843;2021-01-01;8300000;11;16;2;64;10;52.2535975;104.2590175;3;0;664082;463328;38;834416
844;2021-01-01;2146178;8;27;2;44.74;0;54.6066536;39.7858778;0;2;390037;437992;62;2109084
845;2021-01-01;760000;1;5;1;31;6;56.302704;41.394447;2;0;601979;;33;
846;2021-01-01;1290000;2;9;1;33;7;55.1738222;61.4543728;2;0;454071;384344;74;884461
847;2021-01-01;17001000;8;12;3;106.7;25;59.9996945;30.3267299;4;2;194156;534802;78;2211505
848;2021-01-01;2105403;9;27;2;43.89;0;54.6066536;39.7858778;0;2;390037;437992;62;2109084
849;2021-01-01;2146178;2;27;2;44.74;0;54.6066536;39.7858778;0;2;390037;437992;62;2109084
850;2021-01-01;3200000;15;20;-1;30;10;57.1529744;65.5344099;3;2;625000;;72;900613
851;2021-01-01;3250000;13;16;1;40;10;57.1025531;65.5635032;2;2;625033;451365;72;1901632
852;2021-01-01;5462520;8;33;-1;19.6;5;55.8047361;37.7508978;2;2;107553;434946;77;822493
853;2021-01-01;3399000;10;23;1;43.5;20.2;57.1529744;65.5344099;3;2;625000;;72;900613
854;2021-01-01;3068641;18;27;2;63.97;22.6;54.6066536;39.7858778;0;2;390037;437992;62;2109084
855;2021-01-01;1100000;5;5;2;53.7;7.5;53.9765928;38.535589;2;0;301723;248317;71;1508179
856;2021-01-01;6550000;2;4;2;92;18;44.6604893;37.7603056;3;0;353993;323607;23;2169282
857;2021-01-01;2790000;1;7;2;72.8;12;53.105676;45.072538;4;0;440513;;58;
858;2021-01-01;4495590;9;18;-1;26.29;0;59.934695;30.208681;0;2;;207031;78;1820891
859;2021-01-01;1930000;5;20;1;42;-100;55.1744149;61.3374005;2;2;454001;132763;74;2109195
860;2021-01-01;1920000;4;20;1;42;-100;55.1744149;61.3374005;2;2;454001;132763;74;2109195
861;2021-01-01;2000000;6;9;1;32.2;-100;57.1453213;65.5149683;4;0;625025;;72;
862;2021-01-01;4650000;1;5;-1;18;2;55.7632069;37.5650217;4;0;123022;175505;77;2154766
863;2021-01-01;3700000;1;15;2;50.69;11;54.1465916;37.5741642;0;2;300026;148623;71;2664506
864;2021-01-01;4150000;3;4;2;58;4.7;44.7162598;37.7796546;4;0;353900;261646;23;1486220
865;2021-01-01;3136000;5;10;2;54.1;8.5;55.6993601;52.3269523;0;0;423803;123116;16;1712647
866;2021-01-01;1750000;4;6;1;34.6;-100;54.7444199;83.1075663;4;0;633004;309850;54;2397777
867;2021-01-01;1850000;1;5;2;43.7;5;53.2510156;83.6916623;2;0;656906;418861;22;2249811
868;2021-01-01;2900000;9;12;2;82;10;42.897934;47.624823;0;0;368300;122904;5;1158418
869;2021-01-01;6001110;17;24;2;50.9;10.4;55.5204111;37.5966554;2;2;;562605;50;2244773
870;2021-01-01;950000;1;2;2;41;-100;53.11086;46.649197;4;0;442533;;58;
871;2021-01-01;6000000;4;25;2;49.8;24;58.004695;56.254596;3;0;614007;;59;
872;2021-01-01;3250000;2;5;2;44.1;6.5;57.1090369;65.5964892;2;0;625046;344791;72;1855170
873;2021-01-01;24695000;6;9;4;138.3;14.8;59.9807;30.336025;4;2;;528681;78;959903
874;2021-01-01;8670000;12;14;3;104;14;57.1575396;65.5083802;0;0;625003;;72;
875;2021-01-01;2700000;4;5;2;53;-100;43.3130242;45.6877248;4;0;364024;118096;20;1193907
876;2021-01-01;10000000;5;17;1;39;9;55.6763053;37.7172732;0;0;109388;209857;77;2400645
877;2021-01-01;6727660;6;9;1;35.9;17;55.638429;37.652912;0;2;115477;;78;
878;2021-01-01;3210000;5;5;2;57.4;9;59.7859674;29.9228406;2;0;188513;;47;2752393
879;2021-01-01;4000000;1;5;3;60;5;44.7018497;37.7849476;2;0;353905;351003;23;2791042
880;2021-01-01;1650000;5;10;1;37.7;9.4;45.088287;39.003287;4;0;;478572;23;2707848
881;2021-01-01;2799000;5;5;2;55.4;8.8;55.3576886;86.073939;4;0;650000;489712;42;2457237
882;2021-01-01;23900000;7;15;2;60;10;59.9628033;30.2674781;0;0;197198;452671;78;1550548
883;2021-01-01;2950000;5;5;2;41.9;0;57.1252692;65.5180079;4;0;625032;132609;72;2633687
884;2021-01-01;4450000;2;9;3;73.2;-100;57.1073694;65.609372;4;0;625046;478590;72;862719
885;2021-01-01;3400000;2;9;1;42;8;55.0811971;82.9689146;4;0;630110;536067;54;1948835
886;2021-01-01;4336016;10;21;-1;26.54;0;59.9391313;30.3159004;0;2;190000;;78;1402094
887;2021-01-01;2100000;1;1;2;45.2;12.1;56.3376918;36.7647218;4;0;141604;230117;50;893259
888;2021-01-01;5990000;10;14;3;90;-100;57.1477368;65.4898176;4;0;625025;183448;72;2418126
889;2021-01-01;1400000;5;5;3;65;-100;58.7078798;50.1876285;4;0;613150;;43;
890;2021-01-01;3700000;5;5;2;44;6;44.7018497;37.7849476;5;0;353905;351003;23;2791042
891;2021-01-01;2680000;4;10;1;35.8;10;54.688763;39.641656;4;0;390039;189155;62;2108069
892;2021-01-01;6200000;7;16;2;105;16;47.2354725;39.7150406;4;0;344000;276953;61;1441541
893;2021-01-01;28500000;12;13;4;254;20;55.893517;37.4380483;0;0;141402;;50;
894;2021-01-01;1550000;1;4;1;30;4;43.7558308;39.5174855;3;0;354213;156543;23;1191659
895;2021-01-01;12300;9;14;2;54;8.6;55.5756349;37.5775069;2;0;117628;174169;77;2764087
896;2021-01-01;1500000;2;4;1;24;3;43.7558308;39.5174855;3;0;354213;156543;23;1191659
897;2021-01-01;959000;1;3;1;29;-100;50.8754225;39.0659868;4;0;397853;256280;36;692487
898;2021-01-01;5178320;15;24;1;39.2;18.1;55.5204111;37.5966554;2;2;;562605;50;2244773
899;2021-01-01;5800000;6;17;3;84;9;56.0381548;92.9134144;3;0;660077;504851;24;1492177
900;2021-01-01;2050000;2;4;2;45;7;52.743833;41.424902;4;0;392018;;68;
901;2021-01-01;3000000;1;2;2;60;9;44.9288333;34.0909949;4;0;295048;249003;91;2136156
902;2021-01-01;5550000;24;24;1;46.4;15.4;53.1950306;50.1069518;3;2;443000;;63;726323
903;2021-01-01;5064000;8;22;3;78.1;-100;56.8478098;53.2041852;3;2;;395642;18;2609860
904;2021-01-01;11150000;3;9;3;62;6.5;55.81784;37.81813;4;0;107589;475109;77;1504672
905;2021-01-01;2550000;2;16;1;38;-100;45.0905433;39.0332642;4;0;350073;538685;23;2122092
906;2021-01-01;5800000;8;16;2;66.7;15.6;45.0148878;38.9927596;1;0;350033;544621;23;2346374
907;2021-01-01;1940000;5;9;1;35.1;8;48.8207585;44.6221322;2;0;400033;181539;34;2511537
908;2021-01-01;11000000;5;17;2;81;16;55.0221601;82.9291165;1;0;630007;444206;54;728474
909;2021-01-01;1100000;2;3;2;28;-100;45.034403;39.0393512;4;0;350059;428344;23;2623498
910;2021-01-01;4080000;8;10;2;60.4;10.8;59.22279;39.926584;0;0;160029;;35;
911;2021-01-01;580000;1;2;1;30;-100;56.240543;34.363847;4;0;172387;;69;
912;2021-01-01;1780000;3;4;1;22.1;0;43.7558308;39.5174855;3;0;354213;156543;23;1191659
913;2021-01-01;2146178;5;27;2;44.74;0;54.6066536;39.7858778;0;2;390037;437992;62;2109084
914;2021-01-01;8630000;3;9;4;44.2;6.7;55.6372;37.524399;2;0;117279;129333;77;782996
915;2021-01-01;2400000;4;9;2;45;-100;47.2121244;39.6485312;4;0;;435114;61;968193
916;2021-01-01;3798810;15;24;1;32.3;-100;59.9159394;30.4153694;4;2;193091;265751;78;766313
917;2021-01-01;2742320;27;27;1;56;27.1;54.6066536;39.7858778;0;2;390037;437992;62;2109084
918;2021-01-01;3600000;2;9;1;40.8;12;44.6756188;37.7848305;3;0;353924;;23;
919;2021-01-01;6000000;6;16;2;65;-100;45.0660785;38.9542837;4;0;350062;521017;23;2391808
920;2021-01-01;9350000;5;33;1;40.5;15;55.555184;37.554008;3;0;117624;491307;77;764122
921;2021-01-01;1000000;5;5;3;62.1;-100;55.667865;86.2806372;2;0;652420;496114;42;1692864
922;2021-01-01;4750000;6;6;2;79.2;14.2;54.628669;39.778066;4;0;390027;;62;
923;2021-01-01;11000000;5;9;3;58;-100;55.8929706;37.4823832;4;0;141411;;50;
924;2021-01-01;4500000;10;10;3;76;13;55.8695218;48.8812122;2;0;422527;566334;16;1453125
925;2021-01-01;4730000;2;16;3;102;16.5;53.265326;34.351469;4;0;241007;;32;
926;2021-01-01;3095000;1;5;2;61;10;53.167806;45.116412;3;0;440014;;58;
927;2021-01-01;4900000;7;9;3;72;0;56.466873;84.97052;0;0;634041;;70;
928;2021-01-01;3999000;4;5;3;64;6;44.6831175;37.7800038;2;0;353925;246582;23;1305070
929;2021-01-01;5900000;2;5;5;120;0;43.3238435;45.6932601;4;0;364024;491486;20;2381546
930;2021-01-01;2695000;10;16;1;40;13.7;53.388962;83.720963;3;0;656023;535770;22;2641433
931;2021-01-01;2450000;8;9;2;55;9;47.2121244;39.6485312;4;0;;435114;61;968193
932;2021-01-01;5461444;13;18;-1;27.3;-100;59.8851796;30.370481;4;2;192102;188056;78;1235229
933;2021-01-01;4700000;5;13;2;76;20;42.9530438;47.5550076;3;0;367018;180650;5;875676
934;2021-01-01;2250000;3;5;2;45;6;56.148037;44.205772;0;0;607650;;52;
935;2021-01-01;22000000;3;8;2;50;6;55.736402;37.65638;4;0;115172;310873;77;2447928
936;2021-01-01;3999000;6;10;1;36;9;56.2866912;44.0676383;5;0;603087;445801;52;2008636
937;2021-01-01;2600000;8;8;2;44.9;6;48.7740204;44.5584136;0;0;400105;;34;
938;2021-01-01;4135239;4;27;4;88.04;0;54.6066536;39.7858778;0;2;390037;437992;62;2109084
939;2021-01-01;5500000;10;12;1;64.47;14.31;44.87914;37.324673;5;0;353454;325663;23;1399190
940;2021-01-01;4199000;17;20;3;90.5;14;57.5675233;39.9217761;4;2;;491370;76;2159796
941;2021-01-01;1390000;1;2;1;35;8.3;55.3237211;86.0810468;2;0;650024;371524;42;1963527
942;2021-01-01;13514130;8;20;3;112.5;15.9;56.8490156;60.5926063;0;2;620027;349424;66;964613
943;2021-01-01;6071738;11;18;-1;32.2;-100;59.8851796;30.370481;4;2;192102;188056;78;1235229
944;2021-01-01;1300000;2;16;-1;20;-100;45.073;38.904714;3;0;350012;490507;23;1254605
945;2021-01-01;8557000;7;23;2;64.1;0;55.7540471;37.620405;0;2;101000;;77;910065
946;2021-01-01;3500000;3;6;1;37;9;43.909895;42.728375;4;0;357703;481447;26;1481786
947;2021-01-01;3200000;1;9;1;38;9;55.8313193;49.1507232;1;0;420133;169470;16;2770102
948;2021-01-01;1750000;4;5;2;56.6;7.8;67.93943;32.918842;4;0;184511;;51;
949;2021-01-01;4050000;8;16;3;94.1;13.3;53.262089;34.331086;0;2;241001;;32;
950;2021-01-01;3900000;5;10;3;64;11.5;44.680333;37.782584;2;0;353925;;23;
951;2021-01-01;2400000;4;5;2;43;6;48.6709605;44.4492144;5;0;400002;556192;34;2719364
952;2021-01-01;4900000;8;12;1;44;12;43.912855;39.349384;2;0;354200;407222;23;1173918
953;2021-01-01;1520000;3;5;1;33;8;58.0391214;38.8604872;2;0;152900;492311;76;2824800
954;2021-01-01;3690000;8;19;1;39;13;57.099937;65.603139;3;2;625028;292519;72;2767708
955;2021-01-01;2100000;6;9;-1;30;-100;44.7154194;37.7503979;3;0;353917;445685;23;2528852
956;2021-01-01;3200000;3;5;3;96.4;11.6;44.618118;40.100507;0;0;385000;;1;
957;2021-01-01;1870000;14;16;1;34.5;8.2;48.5110791;44.5429213;2;0;400026;206821;34;1959874
958;2021-01-01;1850000;3;5;2;43.4;6;57.7834175;40.9197416;4;0;156025;;44;
959;2021-01-01;3500000;8;10;3;70;9;55.3071519;38.7027953;2;0;140209;206569;50;2105096
960;2021-01-01;5000000;5;8;3;93;14;58.203503;68.25892;4;0;626152;183457;72;1324576
961;2021-01-01;2096127;15;19;1;34.1;9;58.0102583;56.2342034;3;2;614030;;59;2205345
962;2021-01-01;2469500;6;10;1;46.2;14.2;47.269325;39.6604818;0;2;344069;149475;61;1703881
963;2021-01-01;9800000;8;22;1;56;15;59.9997075;30.1971133;4;0;197345;322627;78;1395579
964;2021-01-01;1250000;2;5;1;30;6;53.636963;55.928482;4;0;453118;;2;
965;2021-01-01;3050000;2;5;4;60.8;6;55.3892745;86.1039452;0;0;650002;;42;
966;2021-01-01;6790000;10;11;4;131.2;16;57.9869145;56.2659764;2;0;614064;461787;59;2205645
967;2021-01-01;7000000;5;5;3;86;0;53.589996;34.351334;0;0;242604;;86;
968;2021-01-01;3600000;4;4;1;46;12;45.3586789;36.471466;5;0;298300;327672;91;1133347
969;2021-01-01;2300000;4;9;1;38;11;44.609879;40.050129;0;0;385000;;1;
970;2021-01-01;2950000;5;5;3;61.1;6;53.7144475;91.4619449;2;0;655018;333103;19;2214174
971;2021-01-01;4100000;2;5;4;84.2;25;53.2155;50.24308;4;0;443058;;63;
972;2021-01-01;2200000;3;5;1;35;6.7;54.9977335;82.8360106;4;0;630096;;54;
973;2021-01-01;5900000;14;14;3;79.4;0;57.1814052;65.5602704;4;0;625022;272767;72;2395345
974;2021-01-01;3235200;9;19;2;50.55;0;45.0954947;38.9712632;0;2;350005;133633;23;2297027
975;2021-01-01;5200000;2;5;2;79.4;28.9;44.9044316;37.3378698;3;0;353445;259711;23;2724863
976;2021-01-01;3651000;2;14;-1;25.5;-100;56.018621;37.8659058;3;2;;;50;1332791
977;2021-01-01;13650000;17;17;4;112.6;11;55.9122139;37.8417397;0;0;141076;;50;
978;2021-01-01;2150000;4;5;2;44;7;54.9912065;73.2606793;0;0;644106;;55;
979;2021-01-01;4500000;9;12;3;95;13.2;53.188644;45.021793;0;0;440000;;58;
980;2021-01-01;3299000;19;22;2;48.8;-100;57.1529744;65.5344099;3;2;625000;;72;900613
981;2021-01-01;2070000;5;22;-1;24.3;-100;57.1529744;65.5344099;3;2;625000;;72;900613
982;2021-01-01;8478180;18;33;1;40.2;15.2;55.8047361;37.7508978;2;2;107553;434946;77;822493
983;2021-01-01;7500000;10;10;4;90.5;11;48.470253;135.08125;0;0;680020;;27;
984;2021-01-01;2950000;1;4;1;37.5;18;57.1529744;65.5344099;3;2;;376821;72;2023962
985;2021-01-01;5499999;9;10;3;65;8;55.7457962;49.2034483;2;0;420138;276376;16;1453875
986;2021-01-01;8216400;25;33;2;41;5;55.8047361;37.7508978;2;2;107553;434946;77;822493
987;2021-01-01;4250000;16;21;3;90.5;14.1;57.5675233;39.9217761;3;2;;491370;76;2159796
988;2021-01-01;2100000;1;5;1;29.8;6;55.101689;82.971131;4;0;630027;139015;54;2830474
989;2021-01-01;1969000;14;14;1;37.8;10;56.8200838;35.898655;3;2;170043;519001;69;2217524
990;2021-01-01;1990000;10;14;1;37.8;11;56.8200838;35.898655;3;2;170043;519001;69;2217524
991;2021-01-01;5500000;2;5;2;66;9.5;44.9306723;34.0901531;0;0;;129779;91;605119
992;2021-01-01;4681697;7;24;2;61.9;0;47.259647;39.689231;0;2;344064;415584;61;868999
993;2021-01-01;5077451;2;14;2;42.2;-100;56.018621;37.8659058;3;2;;;50;1332791
994;2021-01-01;6070391;14;14;2;52.8;-100;56.018621;37.8659058;3;2;;;50;1332791
995;2021-01-01;1900000;2;5;-1;21.7;-100;57.1529744;65.5344099;4;2;625000;;72;900613
996;2021-01-01;1540000;3;5;2;49;7;52.5354397;85.2503076;2;0;659330;584206;22;2729958
997;2021-01-01;12000000;1;9;2;47.3;7.1;55.7437862;37.6877277;4;0;109544;479669;77;1537362
998;2021-01-01;2650000;2;3;2;43.5;6;56.7488033;38.8668294;4;0;152020;368469;76;983924
999;2021-01-01;2880000;5;5;3;62;6;58.036182;56.03662;2;0;614023;;59;
