1;4800000;2;16;2;50;8.8;56.039485;92.93934;2;2;660005;269238;24;1719550
2;3800000;13;17;1;37;11;45.0887331;39.0326545;0;0;350073;144303;23;1141036
3;3570000;5;9;2;44.7;0;53.7226104;91.4248097;0;0;655017;131859;19;1386110
4;2900000;5;5;1;34;0;56.066102;92.9247522;2;0;660125;498397;24;2106153
5;3499000;5;9;3;67;9;55.4006345;86.0406654;0;0;650052;212094;42;2156634
6;12000000;3;4;5;213.1;14;55.0019813;83.0275256;3;0;630126;;54;
7;4495000;3;10;4;73;-100;56.8358166;53.1286397;0;0;426006;355967;18;856124
8;4860000;1;5;-1;19;-100;55.807951;37.460511;0;0;123098;133506;77;2308223
9;3500000;4;5;3;59.3;7.5;60.9443051;76.5603176;0;0;628609;384237;86;2609931
10;5511342;2;6;2;50.8;0;55.9105782;37.7363579;0;2;141000;;50;2585216
11;12800000;2;14;1;36.9;9.6;55.786273;37.656838;0;0;107140;232337;77;2068257
12;4100000;5;9;3;60.8;6.7;54.9362795;82.9173253;0;0;630106;528814;54;2093187
13;6650000;3;16;3;87.1;-100;52.93075;36.03201;0;0;302010;;57;
14;3810000;20;22;2;50.84;13.6;57.1535798;65.6089308;0;2;;;72;
15;4950000;9;12;-1;23.27;0;59.823643;30.343078;0;0;196158;425878;78;957260
16;9310000;12;16;4;86.2;29.4;57.1529744;65.5344099;0;2;625000;;72;900613
17;3706200;21;22;1;42.6;0;51.69669;39.197386;0;2;394024;461785;36;891264
18;5392200;13;22;2;66;0;51.69669;39.197386;0;2;394024;461785;36;891264
19;18200000;5;26;2;50.8;10.8;55.7007741;37.6507354;0;0;115280;293806;77;2473208
20;4490000;2;3;2;56;28;56.787612;60.4714943;0;0;620036;531064;66;1365183
21;3750000;8;16;1;43;15;57.1180483;65.5426087;0;0;625062;136462;72;2779959
22;7339200;2;10;3;83.4;15.1;54.7074702;20.5073241;0;2;236048;419269;39;1567968
23;13450000;16;20;2;60;17;55.915025;37.7386899;0;0;141002;;50;
24;20056000;8;24;2;82;14.5;55.770775;37.376626;0;0;121609;581004;77;1285227
25;4600000;5;5;3;65.9;0;55.99193;92.94316;0;0;660094;;24;
26;3240000;2;5;2;46;6;56.3135084;43.8547891;0;0;603028;572498;52;2627574
27;7348000;3;10;3;83.5;15.1;54.7074702;20.5073241;0;2;236048;419269;39;1567968
28;3000000;3;10;1;29;6;56.061298;92.902644;4;2;660125;531705;24;761813
29;5200000;5;10;3;73;10;56.061298;92.902644;4;2;660125;531705;24;761813
30;2880000;3;16;1;42;9;56.1095446;92.8978395;0;0;660132;283634;24;2441470
31;6600000;10;16;2;63.1;12;44.8669334;37.3319454;0;0;353454;543620;23;2122627
32;4550000;1;5;2;44;6;55.0513912;82.9156679;4;0;630105;371897;54;1468833
33;3715750;2;22;1;44.5;0;51.69669;39.197386;0;2;394024;461785;36;891264
34;3800000;5;16;1;38;11;44.9908685;39.0692649;0;0;350065;297345;23;1396929
35;6617400;9;22;3;80.7;0;51.69669;39.197386;0;2;394024;461785;36;891264
36;3270000;5;15;-1;33;25.5;57.1421404;65.5422402;0;0;625048;438763;72;851456
37;3900000;14;18;1;49;17;45.0401604;38.9759647;0;0;350901;346917;23;2157835
38;5686200;6;22;2;70.2;0;51.69669;39.197386;0;2;394024;461785;36;891264
39;2750000;2;9;1;32;-100;45.0428813;39.1119598;0;0;350088;;23;
40;4700000;3;5;1;30;6.6;44.8938723;37.3125272;0;0;353440;183564;23;2455979
41;1990000;2;5;2;41.6;4.8;52.6041242;39.5403523;0;0;398035;;48;
42;2300000;4;5;1;32;6;55.9898455;93.0214105;0;0;660046;236556;24;889686
43;7300000;2;9;2;64;0;57.1464975;65.5610237;4;0;625048;505984;72;1665763
44;3500000;5;19;1;39.1;9.3;56.0096844;92.9514855;3;2;660068;160137;24;1444420
45;3200000;5;5;3;63;-100;56.2502365;90.4840354;0;0;662161;;24;2681149
46;31000000;6;9;2;100;0;43.5673315;39.73761;0;0;354002;322586;23;696183
47;3080000;3;5;3;51;5.4;55.021799;73.381884;4;0;644069;;55;
48;2700000;12;16;1;34;8;56.866272;60.54254;0;0;620090;;66;
49;7200000;6;21;1;37;-100;43.659794;39.662487;0;0;354207;283082;23;1220326
50;25850000;5;5;3;106;17.7;55.7859804;49.1404195;0;0;420012;577805;16;1805725
51;6200000;2;10;3;80;15;47.2744504;39.7148903;0;0;344068;431567;61;1526594
52;2200000;6;6;4;165;-100;52.57963;39.625091;0;2;398005;;48;
53;2700000;2;2;3;98;15;44.617778;40.101279;0;0;385006;;1;
54;700000;1;2;3;80;-100;59.9035618;60.0144871;0;0;624940;395467;66;1940135
55;8600000;6;9;2;80;17;44.8767114;37.3325999;0;0;353454;427348;23;1575581
56;5410000;9;16;1;38.95;10.1;44.8665865;37.3348138;0;0;353454;543620;23;994816
57;1900000;5;5;1;31;6.9;55.028873;73.304315;0;0;644050;;55;
58;4940000;14;16;2;50;10;57.122684;65.494173;0;0;625018;;72;
59;9600000;8;20;1;30;-100;43.6135521;39.718029;0;0;354008;440221;23;1993553
60;6350000;2;5;1;28;-100;43.6217849;39.7555518;0;0;354003;427897;23;2159911
61;20300000;22;25;2;61.6;9;55.68971;37.467464;0;0;119361;585425;77;744397
62;10670000;2;18;1;39;-100;43.5854551;39.7231548;0;2;354057;275803;23;1903402
63;3100000;4;5;3;77;11;51.6087582;39.3763961;0;0;396311;311582;36;1654790
64;3100000;2;3;1;35.9;6.9;55.8136522;49.0693279;0;0;420032;503854;16;2165536
65;2400000;10;10;1;38;9;56.1146948;93.335249;0;0;662501;213954;24;2697745
66;3500000;9;10;1;34.7;8.6;56.363042;43.8026918;0;0;603158;300384;52;2594032
67;9100000;20;21;1;44.5;13.3;55.625308;37.309441;4;0;108850;293992;77;2360284
68;2400000;3;5;2;44;-100;56.8765448;53.2495374;0;0;426060;448592;18;1620605
69;5700000;4;9;3;70;26;57.1736473;65.5525961;0;0;625022;;72;
70;7480000;2;10;3;85;11.4;54.7074702;20.5073241;0;2;236048;419269;39;1567968
71;14250000;24;25;3;170;41;57.135027;65.563237;0;0;625026;;72;
72;3050000;6;10;3;68;0;51.482084;46.128912;0;0;413113;479055;64;1207839
73;3500000;5;19;-1;27.28;4;55.053112;82.8977037;1;2;630082;463286;54;2541674
74;508649400;8;8;-1;493;20;55.74979;37.596678;0;0;119019;314217;77;2539298
75;5750000;3;12;2;60;10;44.57618;34.3407032;0;0;298542;249437;91;1871991
76;2350000;6;10;-1;32.5;0;55.02777;83.02771;2;0;630133;475038;54;2222991
77;7150000;2;7;-1;28.3;0;44.4280144;34.0832782;0;0;298671;368014;91;1949584
78;14200000;4;4;5;167;0;55.722543;36.872339;0;0;143180;506073;50;1505927
79;3250000;2;5;2;44;7;56.0190416;92.8451162;2;0;660099;165817;24;2576306
80;11000000;1;7;1;34;0;43.4324474;39.9281332;0;0;354340;249894;23;2423871
81;7850000;7;25;1;36.9;10.3;59.8294957;30.3714795;0;0;196233;201308;78;2377151
82;2400000;5;5;1;34;8;56.0039507;92.9526305;4;0;660059;471164;24;1420084
83;2150000;7;10;1;38;10;51.445881;46.14881;0;0;413111;;64;
84;5990000;4;19;2;77;18;55.053112;82.8977037;3;2;630082;463286;54;2541674
85;8250000;2;4;2;53;7.5;54.9392562;20.1548791;0;0;238560;497528;39;622178
86;35000000;5;6;1;55;0;43.5766888;39.7255534;0;0;354202;421051;23;2423593
87;3000000;12;18;2;43.3;9;54.7120705;55.8373177;0;0;450050;220978;2;1422226
88;5600000;4;5;2;45;6.8;59.8729807;30.4668205;0;0;193079;265751;78;766313
89;2400000;3;5;1;31;6;54.81589;56.124672;0;0;450068;;2;
90;13600000;17;18;3;127;0;44.9513528;34.1198047;0;0;295017;162184;91;1456520
91;5500000;3;19;2;64.68;0;55.053112;82.8977037;1;2;630082;463286;54;2541674
92;3000000;6;16;1;27;-100;53.33231;83.8023467;0;0;656056;390472;22;2618765
93;4800000;11;16;1;32;9;60.059414;30.471977;0;0;188673;;47;
94;1850000;5;8;2;43.6;9.5;61.8041761;50.746262;0;0;167018;470664;11;2638141
95;3800000;14;19;1;40;11.6;55.053112;82.8977037;4;0;630082;463286;54;2541674
96;4200000;1;5;2;51;7.2;59.55319;150.8027;0;0;685000;;49;
97;5850000;3;14;2;43;15;56.090896;37.8992786;0;0;141253;353026;50;2357245
98;5700000;3;5;3;52.1;0;55.8057205;38.1881938;0;0;142450;545115;50;2695675
99;10800000;11;19;3;91;14;55.053112;82.8977037;1;0;630082;463286;54;2541674
100;6900000;4;10;4;82;-100;56.034881;92.9189941;0;0;660135;413337;24;1425470
101;9300000;1;16;3;77.9;14.7;60.0246861;30.2543219;0;0;197371;482208;78;1023676
102;4600000;1;4;1;38;0;55.1191818;36.5717965;0;0;249034;420184;40;1012660
103;2550000;4;5;2;56.1;0;59.404606;56.803917;0;0;618419;;59;
104;2100000;2;9;1;37;8;46.35835;48.062813;0;0;414041;;30;
105;4900000;6;15;2;59;12;56.48242;85.00369;4;0;634021;;70;
106;4900000;7;9;3;66;9;57.1208542;65.553109;0;0;625007;450441;72;2249785
107;2100000;3;5;1;42.9;8.7;52.9619807;55.9197461;0;0;453852;227125;2;1526237
108;4130000;4;5;2;53;0;57.2037895;65.6066637;0;0;625059;435422;72;1678940
109;2800000;4;10;2;54;8.9;58.13344;56.397354;0;0;614026;;59;
110;1750000;5;5;2;50;8;54.0975081;54.1037615;0;0;452005;509529;2;1411046
111;2800000;8;18;2;56.14;7;54.9457305;82.9618646;2;0;630022;519271;54;2192843
112;7450000;3;6;3;73.9;8.3;55.0247653;82.918734;4;0;630099;191618;54;2233932
113;5300000;8;10;2;50.6;9;56.0433001;92.8989076;0;0;660077;;24;
114;1400000;5;5;1;38;6.2;50.783226;37.8672175;0;0;309642;456085;31;2159285
115;1600000;5;5;1;29.5;0;56.348816;30.5267581;0;0;182104;476966;60;903656
116;3500000;3;5;1;30;-100;43.4482348;39.9080867;0;0;354382;382915;23;2269966
117;3990000;3;5;3;60;7.5;57.746761;40.914713;0;0;156022;;44;
118;1900000;1;5;3;57;-100;53.455137;56.0459199;0;0;453205;468729;2;1604758
119;4150000;2;10;1;36;10.2;59.7981935;30.6365818;0;0;188682;565334;47;1393816
120;2350000;5;5;2;45;6;57.747218;40.99018;0;0;156014;;44;
121;1600000;4;5;2;37;6.7;57.9773184;56.2101976;2;0;614095;535496;59;2480202
122;3200000;1;1;2;31;8;44.9312473;37.9854276;0;0;353380;127055;23;1485280
123;3590000;3;7;1;41.5;15.8;54.614223;39.702587;0;0;390026;;62;
124;3850000;1;5;4;89.9;8.2;47.233276;39.696238;0;0;344018;;61;
125;2500000;1;5;2;43.6;5.5;52.988009;36.058537;2;0;302027;;57;
126;2580000;6;7;1;36;-100;55.3910651;86.0467781;0;2;650000;;42;928701
127;1930000;3;7;1;28;-100;55.3910651;86.0467781;0;2;650000;;42;928701
128;1300000;5;9;1;35;12;55.1992403;61.3067697;0;0;454014;226441;74;2756632
129;1900000;6;8;1;16;-100;44.054503;43.040926;0;0;357538;179820;26;2165018
130;3050000;2;5;2;42.4;6;56.9102535;60.8218136;2;0;623701;168813;66;1878519
131;8750000;2;14;4;125.5;15.3;57.1234463;65.5634587;0;0;625007;190545;72;1068337
132;5600000;8;10;3;70.1;9.5;53.1950306;50.1069518;0;0;443000;348223;63;1209061
133;4000000;1;5;4;89.9;8.2;47.233276;39.696238;0;0;344018;;61;
134;3100000;6;9;1;36.3;8;57.175053;65.5530758;0;0;625022;412006;72;1435076
135;4500000;5;5;2;57;-100;51.74894;36.137337;0;0;305040;;46;
136;2340000;2;5;2;41;6;58.0485062;56.0882948;0;0;614067;487462;59;1220209
137;2550000;3;5;2;42;8;53.217257;50.2336682;0;0;443063;580697;63;1942495
138;3500000;8;9;1;33;6;54.518178;36.257773;0;0;248030;578372;40;669375
139;2050000;3;9;1;40;11.3;58.042591;38.7871457;0;0;152905;244844;76;1817616
140;2100000;1;5;2;45.7;0;55.443676;65.35306;0;0;640018;;45;
141;4550000;4;5;1;45;-100;61.2309057;73.4523151;0;0;628401;252990;86;1696292
142;2250000;2;2;2;56;-100;54.6188642;53.6971364;0;0;452756;371197;2;1672282
143;3500000;2;12;3;63;9;55.7410026;52.4241183;0;0;423810;495346;16;2006629
144;3870000;7;12;1;27.9;4;57.1857528;65.6298246;0;0;625040;165032;72;2660040
145;3500000;8;9;1;33;8;54.518178;36.257773;0;0;248030;578372;40;669375
146;9500000;5;5;1;30;6;55.651558;37.59355;0;0;117303;372715;77;2347200
147;6717000;21;25;2;60;11;55.016812;82.963459;0;0;630008;;54;
148;9855000;8;25;3;103;29;55.016812;82.963459;0;0;630008;;54;
149;2500000;18;19;1;36;10;47.3243588;39.6860204;0;0;344010;;61;
150;2650000;5;5;3;63;0;51.814309;55.0853314;0;0;460022;493144;56;2407841
151;7312500;4;25;1;37.5;11.3;55.7002435;37.9199736;0;2;111674;559851;77;1678042
152;3000000;3;3;2;42.4;5.5;60.7150826;30.0364698;0;0;188741;473656;47;1788944
153;1200000;6;10;-1;24;0;55.173395;61.5244497;0;0;454079;154926;74;1534079
154;2480000;9;10;1;40;9;45.0094864;41.917649;0;0;355045;545791;26;847226
155;4550000;7;9;2;54;-100;56.6552314;124.7104325;0;0;678967;247229;14;2212631
156;1300000;3;5;2;45;5.8;53.104477;48.41816;0;0;446029;;63;
157;12500000;16;16;2;70;12.3;55.9231355;37.8263627;0;0;141070;;50;
158;3100000;2;10;2;63.13;12.05;54.9471407;82.9585961;2;0;630022;519271;54;2192843
159;3400000;7;15;1;42;10;54.5997;39.83638;0;0;390048;149743;62;1839170
160;3100000;1;5;2;46;7.6;59.185701;39.910396;0;0;160032;;35;
161;550000;4;5;1;13.3;0;51.2866824;37.812159;0;0;309504;515374;31;1835584
162;1800000;1;2;2;36;6;59.19921;39.894497;0;0;160023;;35;
163;5400000;2;5;3;61;11;54.519021;36.2722112;0;0;248016;331156;40;619396
164;870000;4;5;1;23.4;0;51.2866824;37.812159;0;0;309504;515374;31;1835584
165;5600000;4;10;2;54;0;56.049289;92.91717;0;0;660098;125746;24;976068
166;3160000;3;3;2;63.5;13;53.1681;45.11873;0;0;440014;;58;
167;3000000;5;9;1;34.8;6;53.220012;44.981054;0;0;440028;;58;
168;5200000;4;19;2;53;7.5;57.9958696;56.2698351;0;0;614002;350779;59;1929317
169;1500000;2;2;2;46.9;0;54.515889;36.330547;4;0;248032;;40;
170;2670000;1;5;1;32;6;53.201553;50.208836;0;0;443067;;63;
171;1570000;1;4;1;43;8;56.6918821;60.9605342;0;0;624019;200369;66;2394248
172;3800000;1;9;3;65.3;8.5;56.1687284;40.4443159;0;0;600035;311906;33;825140
173;3000000;4;5;1;39;8;45.0754996;41.9385024;0;0;355047;304269;26;2777656
174;1750000;10;10;1;32;0;55.457516;65.34043;0;0;640027;;45;
175;3200000;6;10;1;42;8.8;53.23305;44.87198;0;0;440045;;58;
176;3490000;4;5;3;62.7;0;56.373031;41.309702;0;0;601900;;33;
177;3200000;6;10;1;39.5;9;53.23305;44.87198;0;0;440045;;58;
178;14320000;8;16;2;59;16.3;55.5670496;37.4809282;0;2;108814;;77;2477204
179;2850000;5;10;1;36;8;53.23305;44.87198;0;0;440045;;58;
180;4800000;7;14;3;65.5;9;56.143827;101.6272516;0;0;665700;279889;38;647803
181;6300000;2;9;4;90;10;53.234017;50.213399;0;0;443081;;63;
182;2400000;4;9;1;40;9;56.1162974;93.3337916;2;0;662501;213954;24;2042944
183;2600000;6;10;1;34;9;51.604385;46.010487;0;0;410030;;64;
184;2500000;4;5;1;30.7;6;55.3732273;39.0644851;0;0;140304;;50;1964514
185;570000;3;5;1;13;0;51.589867;45.932738;0;0;410033;;64;
186;5300000;3;9;2;62;11;57.1877943;65.5886354;0;0;625031;;72;
187;1750000;1;4;1;31;6;54.6084;39.71153;0;0;390035;;62;
188;4549000;3;3;3;60;15;47.305176;39.730095;0;0;344114;;61;
189;6700000;6;21;1;41;14;45.1027401;38.9793586;0;0;350005;383423;23;892790
190;7830000;2;2;3;90;-100;54.789135;55.953256;0;0;450007;;2;
191;3300000;5;5;3;69;9;44.0726877;43.0899172;0;0;;547643;26;1101311
192;2700000;1;9;1;35;6.7;61.7651978;34.3708754;0;0;185026;545203;10;1674623
193;2799000;6;9;1;40;-100;61.7651978;34.3708754;0;0;185026;545203;10;1674623
194;3600000;1;3;3;64;11.2;62.1582919;65.4565774;0;0;628187;461248;86;1097962
195;4250000;8;17;1;39.8;14;57.1758857;65.5978526;0;0;625031;136462;72;2645904
196;5500000;12;17;1;40;14;57.1758857;65.5978526;0;0;625031;136462;72;2645904
197;4100000;5;9;3;67;11.8;57.811158;28.29279;0;0;180016;;60;
198;3500000;2;5;1;33;0;51.811924;107.6787099;0;0;670033;;3;
199;6700000;9;21;1;47;10;57.1520242;65.5574747;0;0;625002;393608;72;2261425
200;9800000;11;12;1;48;17.2;60.031656;30.209481;0;0;197373;308195;78;1832332
201;13479400;6;8;1;61.27;27.7;54.7017195;20.5166624;0;2;;281935;39;2472979
202;13967800;4;8;1;63.49;33.7;54.7017195;20.5166624;0;2;;281935;39;2472979
203;2100000;5;9;1;37.8;8;51.5627926;45.9889099;0;0;410009;;64;
204;9328000;12;12;1;36;8.8;60.031656;30.209481;0;0;197373;308195;78;1832332
205;3670000;1;4;1;35.3;8;56.7996261;60.5185897;4;2;620105;390488;66;1693560
206;10490000;5;5;1;31;5;55.7242137;37.4540903;0;0;121357;172333;77;1830347
207;3099555;5;5;1;35.9;6;56.7996261;60.5185897;4;2;620105;390488;66;1693560
208;12054000;1;4;3;89;10.7;60.1094563;30.4302462;0;0;188660;142992;47;1241140
209;27000000;21;24;3;87;0;55.693058;37.665443;0;0;115432;480543;77;742730
210;1600000;4;9;2;51;-100;69.3518968;87.743779;0;0;663340;214592;24;2110105
211;4000000;5;5;3;60;6;53.2127259;50.1664707;0;0;443086;132578;63;1931925
212;6100000;1;3;2;53;-100;57.625957;39.87283;0;0;150000;;76;
213;3650000;1;9;1;32.1;7;53.2136558;50.1347146;0;0;443110;393294;63;1983885
214;3300000;7;9;1;36;7.9;54.49304;36.21735;0;0;248033;;40;
215;1800000;2;4;2;42.9;0;56.1164328;94.5850631;0;0;663690;340598;24;666363
216;1600000;3;9;1;32.8;7;53.5333698;49.2755401;0;0;445032;314341;63;1481652
217;8750000;5;11;3;110.4;13;57.1415039;65.5523313;0;0;625048;;72;
218;2100000;5;9;1;37.8;9.4;51.5627926;45.9889099;0;0;410009;;64;
219;21900000;21;43;2;62.5;12.2;55.7509421;37.5269674;0;0;123290;381722;77;2774524
220;780000;5;5;1;28;6.5;53.411213;49.4701358;0;0;445351;375996;63;2156305
221;2100000;5;9;1;38;9;51.5627926;45.9889099;0;0;410009;;64;
222;3970000;4;10;3;65.8;9;54.6324953;39.6462001;0;0;390044;;62;
223;4400000;4;5;2;43.1;5.4;53.04875;158.65637;0;0;683017;;41;
224;1400000;5;5;1;33;-100;57.0586774;53.99369;0;0;427433;538356;18;1449029
225;2430000;4;5;3;58;6;58.57743;49.68591;0;0;610007;;43;
226;6200000;4;4;1;51;0;55.9287858;37.8752168;0;0;141060;246063;50;1671359
227;3900000;5;17;1;45;0;57.9949977;56.146865;1;0;614017;255714;59;1924669
228;2800000;7;9;3;65;9;51.4892738;46.1246189;0;0;413100;;64;
229;2500000;4;5;1;37;6;57.050843;65.6995754;0;0;625504;197037;72;1174885
230;32913000;10;28;3;98;8;55.756179;37.506056;0;0;121087;306092;77;2551710
231;4000000;2;9;2;42;5;51.6914184;94.4063356;0;0;667010;248605;17;2772694
232;2300000;6;9;3;59;9;44.6308815;41.9513043;0;0;357100;167254;26;1807662
233;10400000;8;16;3;110;42;53.1884606;50.1165665;0;0;443041;565698;63;848760
234;1900000;1;5;3;60;-100;56.7986319;59.9071591;0;0;623280;;66;2511823
235;30419000;10;17;3;91;12.2;59.954773;30.214808;0;0;199397;147700;78;1777091
236;4700000;9;9;3;63;8;53.2386858;50.2061621;0;0;443111;531655;63;1279412
237;2470000;9;9;1;42.5;9;48.7619165;44.5418549;0;0;400064;192785;34;1751350
238;3150000;2;10;1;47;13.8;53.217796;44.880038;0;0;440064;;58;
239;5800000;11;12;2;40;0;43.6187812;39.7415508;0;0;;333339;23;2534992
240;1100000;5;5;2;44;7;57.9413607;60.0053677;0;0;622005;373265;66;1531151
241;29000000;14;24;2;74;18;55.77634;37.525109;0;0;123007;438563;77;1198578
242;4267160;13;18;-1;21;5.1;59.870384;30.480978;0;2;193079;;78;
243;8100000;2;11;1;69;17;44.8712165;37.3313252;0;0;353454;543620;23;1426415
244;2250000;1;5;2;44.8;5;52.48807;85.14767;0;0;659322;;22;
245;6050000;3;6;2;64.7;17.2;56.7762932;60.6785041;0;0;620023;334849;66;2260642
246;3000000;2;5;3;60;6;54.530102;36.29642;0;0;248009;150921;40;2738681
247;2050000;15;25;1;19.1;5;56.7803936;60.7004932;0;2;620023;;66;2539274
248;6990000;23;24;4;108;19.3;56.8550052;53.2798741;0;0;426072;378418;18;706135
249;5075200;12;17;3;78.08;0;56.0093879;92.8524806;0;2;;154818;24;1758839
250;1690000;1;5;2;51.7;0;53.450653;56.048666;0;0;453204;;2;
251;33798000;9;28;3;98;8;55.756179;37.506056;0;0;121087;306092;77;2551710
252;35950000;21;28;3;99.8;8;55.756179;37.506056;0;0;121087;306092;77;2551710
253;33135000;9;28;3;90;9;55.756179;37.506056;0;0;121087;306092;77;2551710
254;12500000;4;13;1;41;11.8;43.4471899;39.9093798;0;0;354340;582916;23;1144281
255;3950000;4;12;1;39.6;12;51.719979;39.181396;0;0;394053;125005;36;1734086
256;3270000;4;14;1;42;11.1;54.795925;55.86875;0;0;450010;;2;
257;10300000;16;22;1;38.3;10.2;55.7053733;37.3990522;0;0;121353;331504;77;1628314
258;1800000;5;9;1;30;0;53.768005;87.123245;0;0;654005;;42;
259;2550000;7;9;1;38;-100;42.9849159;47.5047181;0;0;367000;;5;1714126
260;1200000;4;10;-1;24;-100;57.8628055;59.9457665;0;0;622049;389731;66;732492
261;1950000;2;5;2;56.1;12;54.7576041;61.3232421;0;0;456580;564882;74;2322835
262;6000000;5;5;3;65;6.1;45.1331017;33.5994311;0;0;296500;191232;91;2588129
263;5799000;7;9;2;62.8;29.6;51.6766283;39.2169827;0;0;394036;509302;36;1702562
264;1700000;5;5;2;43.3;0;48.3202206;40.2637466;0;0;347811;239206;61;1847115
265;5100000;3;16;2;45;6;52.2646611;104.2617127;0;0;664074;156706;38;2276005
266;6100000;10;20;3;89;17;57.115657;65.487292;0;0;625000;;72;
267;2300000;4;5;2;45;6;56.341984;30.539602;0;0;182108;;60;
268;1600000;1;2;2;43;8;53.788124;55.24718;0;0;452116;;2;
269;2750000;4;5;2;43.3;6;54.75059;83.11549;2;0;633004;;54;
270;2880000;1;5;2;48.2;6;54.9946009;73.2764309;0;0;644092;;55;
271;4500000;5;5;3;55.1;5.4;56.9040883;60.6082579;0;0;620135;410628;66;1205722
272;3500000;3;5;2;50;-100;52.770298;52.240564;0;0;461050;;56;
273;1230000;4;4;1;31;6;56.297184;39.373203;0;0;601785;;33;
274;1450000;3;5;1;25;5;56.7940816;59.9152082;0;0;623280;;66;
275;9800000;1;14;3;85;12;55.7416478;38.0105027;0;0;143986;517771;50;707599
276;6100000;12;14;2;69;10;57.2031541;65.4401914;0;0;625056;529414;72;730342
277;19537700;14;18;3;102.83;31.5;59.935146;30.205986;0;2;199226;421525;78;1513668
278;18500000;8;9;2;102;11;57.111561;65.550039;0;0;625062;413185;72;1408853
279;4070000;15;16;1;39;12.2;57.1140828;65.5628768;3;0;625016;147336;72;1098127
280;1100000;3;3;-1;24;0;55.1017506;61.2539515;0;0;456518;176996;74;744278
281;5074474;3;25;2;58.77;0;56.8724446;60.5452574;1;2;620141;;66;
282;1350000;6;9;1;33.7;7;55.1425956;60.1486583;4;0;456318;181652;74;1150353
283;3000000;2;10;-1;37;-100;61.7743002;34.3883616;0;0;185003;262213;10;2192398
284;2960000;4;5;1;28.4;6;57.1717863;65.6522835;0;0;625040;215576;72;761753
285;3975000;2;6;2;53;-100;54.334564;48.398678;0;0;432011;;73;
286;6000000;6;20;3;89;15;45.0916687;39.0418136;0;0;350073;;23;
287;4550000;3;5;4;80;9;44.054089;43.042148;0;0;;;26;
288;8000000;8;9;2;39;12;43.4265894;39.9217876;0;0;354340;434657;23;2061489
289;2100000;2;5;2;45.9;6;55.1814648;61.3940104;0;0;454084;449865;74;2670836
290;3700000;6;9;1;48;11;54.509804;36.284706;0;0;248003;;40;
291;2580000;1;2;1;40.5;9;51.8653131;107.7236072;0;0;670009;;3;
292;2650000;1;5;2;51;7.7;56.996681;40.998445;0;0;153012;;37;
293;1800000;1;5;1;30;0;55.055478;73.3168412;0;0;644083;426660;55;1588240
294;3700000;10;10;2;55.3;0;56.0086939;93.0531682;0;0;660124;;24;
295;3550000;2;14;1;44;0;57.101799;65.597946;0;0;625046;450441;72;2527486
296;850000;4;5;2;44;0;50.215885;136.89302;0;0;682641;;27;
297;4000000;7;20;1;39;-100;45.0916687;39.0418136;0;0;350073;;23;
298;7000000;4;9;3;74;8.5;44.9133016;34.080263;0;0;295024;418719;91;2241725
299;9900000;6;9;3;60.08;18.9;55.047502;82.961393;0;0;630112;;54;
300;4300000;18;25;1;40.22;11.31;54.9988866;82.9580891;0;2;630083;233285;54;1852723
301;9500000;9;31;1;53;-100;56.816952;60.634539;0;2;620100;;66;
302;7471200;4;10;3;84.9;11.4;54.7074702;20.5073241;0;2;236048;419269;39;1567968
303;1950000;3;5;2;46;-100;56.8066543;59.9182722;0;0;623281;552762;66;2022626
304;2390000;1;9;-1;11.8;2;59.8653733;30.3777153;0;0;192071;487321;78;2154968
305;4470000;1;5;3;58;7;54.989564;82.808113;0;0;630121;;54;
306;5600000;9;22;1;31;8.2;59.859185;30.196033;0;0;198332;173314;78;2344165
307;2550000;4;5;2;39;6;46.3061365;44.2671582;0;0;358000;578189;8;2160044
308;4950000;2;9;3;57.8;7.5;54.7889613;56.0415805;0;0;450081;463027;2;1377446
309;4300000;4;16;1;35.5;10.4;45.0908626;38.9031746;1;2;350053;296130;23;1400061
310;7500000;1;5;2;45;-100;59.9260766;30.4226642;0;0;195213;397414;78;923544
311;4640779;19;24;1;35;-100;59.8640232;30.5052512;0;2;193149;558214;78;1676109
312;1900000;3;4;1;31;0;52.742197;41.431397;0;0;392018;;68;
313;5100000;4;5;2;48;-100;42.9634047;47.4983558;0;0;367015;442748;5;663552
314;2555000;5;5;2;53;8;52.5380132;39.566246;0;0;398006;;48;
315;1250000;3;5;1;14;-100;57.743365;40.990135;0;0;156014;;44;
316;3900000;18;24;1;38.4;0;57.186861;65.5162537;3;2;625001;130130;72;605514
317;4614584;6;24;1;34;-100;59.8640232;30.5052512;0;2;193149;558214;78;1676109
318;2900000;3;16;1;36.2;8.4;55.30561;86.02313;0;0;650066;;42;
319;3100000;2;5;3;64;9;55.1576976;60.1545326;4;0;456320;361204;74;1572684
320;2700000;2;5;2;40;-100;54.50873;36.282505;0;0;248003;;40;
321;1900000;4;5;3;61.9;6;54.9817132;60.3679997;4;0;456440;245663;74;1501389
322;9350000;5;9;-1;28;0;59.9289622;30.2603762;0;0;199106;435579;78;968754
323;19300000;7;17;2;56.3;10.5;55.75961;37.52148;2;0;123290;;50;
324;3300000;12;16;1;44;-100;55.7434619;52.3959165;0;2;423800;;16;1211456
325;5075200;15;17;3;78.08;0;56.0093879;92.8524806;0;2;;154818;24;1758839
326;2860000;2;16;1;36.2;8.4;55.30561;86.02313;0;0;650066;;42;
327;3100000;11;15;2;51;8;54.37155;48.586452;0;0;432072;;73;
328;3830000;7;8;-1;45;-100;54.992386;73.3085;0;0;644112;;55;
329;16500000;2;9;2;56.6;0;43.3995554;40.0012122;0;0;354340;327829;23;1087994
330;2050000;4;5;2;41;6;55.269887;36.531572;0;0;249009;;40;
331;7400000;4;9;2;42;-100;43.4265894;39.9217876;0;0;354340;434657;23;2061489
332;33500000;11;17;3;80;13;55.749674;37.502292;0;0;121309;537795;77;1153519
333;10000000;3;12;3;96.1;14.1;52.075701;113.480289;0;0;672049;;75;
334;1600000;1;5;1;34;-100;54.78765;32.006496;0;0;214015;;67;
335;4350000;8;18;-1;56;7;55.0182156;83.0168239;2;0;630133;;54;
336;2400000;1;5;1;32;7.4;44.2364685;42.0681172;0;0;369003;519464;9;2267710
337;2190000;5;10;1;38.9;0;45.092137;39.032967;0;0;350073;538685;23;1440043
338;6676320;15;19;3;81;11.1;55.7434619;52.3959165;0;2;423800;;16;1211456
339;4530000;11;14;3;70;14;55.19555;61.346355;0;0;454138;175488;74;982676
340;3650000;5;5;2;45.6;6;47.2360957;39.7336232;0;0;344000;;61;
341;3700000;13;16;1;48.8;0;56.1084692;47.2895733;4;0;428031;479240;21;1799263
342;800000;3;5;1;18;-100;55.4223133;65.2705022;0;0;640032;280722;45;1283799
343;1900000;1;10;1;36;9;52.676649;41.461347;0;0;392005;;68;
344;2050000;2;5;2;51;0;55.1857856;61.4135396;0;0;454006;587963;74;1372080
345;4100000;2;3;1;31;-100;48.513023;135.14987;0;0;680031;;27;
346;10500000;4;17;2;65;12;55.5893746;37.7611396;0;0;142717;;50;1343309
347;1900000;1;10;1;35.1;9;52.676649;41.461347;0;0;392005;;68;
348;2900000;6;10;1;36;8;51.686908;39.106332;0;0;394020;339614;36;2307470
349;4439400;14;18;2;50.1;4.5;54.9853127;82.8594266;4;2;630136;285599;54;1915190
350;54778500;6;7;3;129;-100;59.8582638;30.3293635;0;2;196135;232526;78;1045169
351;1400000;5;5;2;42;0;53.457929;56.040303;0;0;453200;;2;
352;560000;1;5;1;13;-100;55.4223133;65.2705022;0;0;640032;280722;45;1283799
353;8850000;11;17;2;78.6;0;56.8262802;60.586473;3;0;620014;536386;66;1983811
354;9500000;9;9;3;59.5;6.3;59.8269598;30.2017965;0;0;198261;472157;78;2699901
355;5100000;3;10;1;40;-100;53.226255;44.927954;4;0;440066;;58;
356;2700000;2;3;1;35;9.2;43.661255;39.6516891;0;0;354207;374089;23;1284340
357;6500000;1;5;2;45.8;7.3;59.882595;30.454855;0;0;193079;179821;78;1209414
358;3800000;4;14;1;43;15;53.265606;34.352897;0;0;241007;;32;
359;6600000;2;9;2;44.5;6;59.9115174;30.4736517;0;0;193168;235749;78;1292148
360;3400000;5;10;2;50;9;56.867077;53.23581;5;0;426035;;18;
361;6700000;4;5;2;45;7.1;60.0431803;30.4213825;0;0;195267;586209;78;1709599
362;1960000;5;5;1;31;6.5;55.34533;86.14315;0;0;650023;;42;
363;1740000;1;5;1;30;6;48.7766473;44.562887;0;0;400105;253519;34;2442211
364;2470000;1;5;2;47.7;9;51.4723928;46.1353374;0;0;413121;129258;64;2226854
365;5100000;1;5;1;32;6.5;60.006381;30.417162;0;0;195256;288152;78;792900
366;4000000;9;10;4;83.7;0;52.0849155;113.4779973;0;0;672038;457438;75;1166411
367;6200000;9;9;2;84;19;57.12936;65.54293;0;0;625007;582509;72;711066
368;1320000;5;9;1;41;11;59.239653;39.842744;0;0;160010;;35;
369;4627500;7;19;1;49;16.3;55.7434619;52.3959165;0;2;423800;;16;1211456
370;7718340;3;25;1;35.7;16.4;55.7002435;37.9199736;0;2;111674;559851;77;1678042
371;6090000;12;12;3;81.2;0;54.757082;20.49129;0;2;;459373;39;2121876
372;1950000;4;5;2;41;6;51.300418;37.832063;0;0;309514;;31;
373;3850000;9;9;1;35;7;47.220272;39.700882;0;0;344082;;61;
374;5175000;2;5;2;60;0;52.76254;41.402634;0;0;392027;;68;
375;9508440;11;25;2;47.4;15.3;55.7002435;37.9199736;0;2;111674;559851;77;1678042
376;90000000;3;6;4;185;31.9;59.938432;30.32062;0;0;191186;570606;78;2254243
377;1930000;4;16;1;25;-100;55.7434619;52.3959165;0;2;423800;;16;1211456
378;4516650;7;18;2;59;13.2;55.7434619;52.3959165;0;2;423800;;16;1211456
379;4350000;4;10;1;44.1;13.4;50.5697351;36.5738074;0;0;308033;473680;31;879791
380;18500000;11;18;2;64;15;43.5946145;39.7343364;0;0;354057;275803;23;1903402
381;5790000;1;19;3;69.26;0;57.1790238;65.6590321;0;2;625040;248489;72;1826199
382;3600000;2;9;2;50;8.6;56.874822;53.2176619;0;0;426011;295380;18;1061984
383;7690000;2;19;5;98.72;0;57.1790238;65.6590321;0;2;625040;248489;72;1826199
384;1800000;3;5;2;41.9;7.8;51.5910548;45.9647809;0;0;410044;451827;64;2065121
385;2850000;1;5;3;56;6;52.5030112;103.859155;0;0;;;38;911778
386;4018000;3;10;-1;49;0;54.9819786;82.8716607;2;2;630054;;54;
387;1650000;7;9;1;30;-100;55.1950638;61.3245069;0;0;454014;175488;74;2802805
388;2350001;8;10;1;54;10;43.474917;43.576583;0;0;360030;;7;
389;6000000;4;22;1;44;14;45.045521;38.993225;0;2;350042;155860;23;740313
390;3800000;5;9;1;36;9;50.572989;36.591517;0;0;308033;;31;
391;2250000;7;10;1;43;8;55.1682302;61.5172879;0;0;454079;293001;74;1348134
392;3690000;3;5;3;58.9;0;48.7704911;44.5025778;0;0;400094;221927;34;2747133
393;12300000;3;17;2;67;15;55.55835;37.695374;0;0;142703;291065;50;1402855
394;2600000;2;5;2;45;-100;44.1974247;43.1275278;0;0;357207;435103;26;2759633
395;4850000;2;9;1;31;8;59.956863;30.43635;0;0;195248;461474;78;999165
396;12500000;5;6;5;231;22;45.0337494;39.0997221;0;0;350080;157266;23;679568
397;12300000;10;17;2;67;15;55.55835;37.695374;0;0;142703;291065;50;1402855
398;12400000;8;9;3;60;6.3;55.890285;37.616728;0;0;127560;582143;77;2446914
399;15299000;8;22;3;86.3;13.3;60.0126068;30.3877372;0;0;195220;373580;78;2019907
400;18350000;6;12;3;99;16.7;60.004244;30.295135;0;0;197341;126361;78;1414873
401;3300000;9;9;1;33;7;54.69648;56.001747;0;0;450092;;2;
402;12990000;10;10;5;212;43;56.0079996;92.7954478;0;0;660100;538208;24;2394214
403;54490000;10;18;3;115;-100;55.7420574;37.5525796;0;2;121151;235550;77;1601525
404;2300000;2;9;2;55;9;55.2514476;61.3802748;0;0;454031;540022;74;2443023
405;3650000;5;5;2;45;6;47.2360957;39.7336232;0;0;344000;;61;
406;950000;2;2;1;28;0;55.342728;65.333275;0;0;641310;;45;
407;2450000;7;9;1;36.8;0;51.3156085;37.8864163;0;0;309516;421903;31;643753
408;3500000;7;9;1;44.1;9.5;56.1294468;40.3721396;0;0;600021;465334;33;1193436
409;3200000;1;2;2;40;0;54.6956692;20.4819112;0;0;236039;465097;39;2128456
410;3000000;1;5;2;37;5;52.2614968;104.2563905;0;0;664074;203734;38;2104012
411;6279000;2;10;2;59.8;10.5;54.7074702;20.5073241;0;2;236048;419269;39;1567968
412;5500000;6;25;1;43;12.4;54.740993;55.942917;0;0;450015;;2;
413;6500000;1;9;3;140;0;51.288473;37.8250195;0;0;309518;291916;31;2725019
414;4900000;16;16;1;38.6;8.6;55.9395089;37.9759594;0;0;141107;;50;1508133
415;7519020;8;25;1;33.9;10.5;55.7002435;37.9199736;0;2;111674;559851;77;1678042
416;8500000;7;10;2;51.8;8.4;59.9477809;30.2211798;0;0;199226;230432;78;724182
417;2300000;2;9;1;39.1;0;51.309528;37.87874;0;0;309512;;31;
418;2700000;5;5;2;47;7;56.1492455;40.4118008;0;0;600009;230933;33;2217675
419;2300000;10;17;-1;22;6;56.021045;92.758985;0;0;660130;;24;
420;1250000;4;9;1;29;0;56.341125;41.312622;0;0;601910;;33;
421;3520000;1;18;2;48.4;12.3;56.7903251;60.7724763;3;2;620007;452285;66;737347
422;2750000;1;10;4;81.8;9;55.1817432;61.3140131;2;0;454001;161990;74;1903626
423;6052800;6;26;1;31;-100;55.828915;37.700882;0;2;;427297;77;1814278
424;2200000;1;2;2;25.6;0;51.30681;37.86612;0;0;309501;;31;
425;2150000;4;5;2;46;6;56.3433602;41.2956215;0;0;601914;335717;33;1908080
426;1410000;2;2;2;34.6;0;51.30681;37.86612;0;0;309501;;31;
427;2650000;3;9;1;37.3;0;52.763733;41.40278;0;0;392027;;68;
428;5700000;8;9;4;85;0;51.670532;36.141308;0;0;305018;;46;
429;2150000;8;9;2;43;7.5;53.8963806;87.1194878;0;0;654044;468285;42;697813
430;3577500;13;22;2;47;-100;54.1745406;37.6541972;0;2;300045;555403;71;1672691
431;5049000;5;5;2;58;7.7;59.7666774;30.8032067;0;0;187330;330404;47;2542708
432;4500000;1;5;2;89;18;53.2438895;34.3622926;0;0;241050;;32;
433;5133600;5;26;2;55;15.4;54.7943372;56.0634624;0;2;452000;304056;2;1937510
434;3999000;15;17;1;38;-100;54.740782;20.4630555;0;0;236023;369555;39;2595916
435;3850000;10;12;1;35;8;56.8271387;60.5448491;2;0;620131;427858;66;2475133
436;6950000;7;14;1;31;6;55.567774;37.496183;0;0;108801;338699;77;1284237
437;1950000;9;9;1;29;0;56.8752482;53.1871032;0;0;426054;158527;18;1484456
438;15900000;2;10;2;66.2;21.5;59.9289622;30.2603762;0;0;199106;435579;78;968754
439;8050000;23;27;2;54.5;12.6;60.040613;30.44527;0;0;188669;393943;47;796854
440;7400000;2;10;2;71;0;56.0492183;92.9189279;4;0;660098;275162;24;2323354
441;2900000;3;3;1;30;8;56.1883824;43.8598122;0;0;607613;571841;52;2560353
442;4500000;7;10;-1;57;-100;54.9766178;60.3545117;0;0;456441;;74;
443;2549000;1;5;3;60;0;56.8783585;53.1835599;0;0;426054;466536;18;2416728
444;11000000;12;12;3;64;9;55.715388;37.793067;0;0;109377;536057;77;1536562
445;750000;2;2;1;36;-100;54.6767538;86.1833582;0;0;652515;164729;42;2159504
446;1600000;1;5;1;29.6;6;48.789622;44.7724242;0;0;404121;;34;
447;5500000;17;17;2;56;10;46.374985;48.047516;0;0;414056;;30;
448;7500000;11;25;-1;30.6;0;55.9100874;37.3914783;0;0;141501;413867;50;1907482
449;1330000;4;5;1;33;5.3;51.9137476;113.6567684;0;0;672530;546516;75;1585581
450;2950000;1;3;3;68;-100;54.8163866;58.4497252;0;0;456080;;74;
451;3850000;4;5;2;56;7.3;45.0801012;35.4057918;0;0;298111;571038;91;2513421
452;3550000;2;4;3;76.4;8.2;56.255043;93.53453;0;0;662971;;24;
453;1150000;1;1;2;50;0;55.455982;65.40573;0;0;640015;;45;
454;418371019;2;7;5;262.4;0;55.721255;37.570025;0;0;119048;375099;77;2732782
455;364940845;6;7;5;231.5;0;55.721255;37.570025;0;0;119048;375099;77;2732782
456;3800000;3;5;1;27;7;54.9522055;20.23923;0;0;238590;297942;39;1423651
457;6450000;4;24;-1;25;0;59.9400425;30.4363535;0;0;195027;461474;78;999165
458;12100000;25;25;2;58.9;14;55.633373;37.417832;0;0;119297;;77;
459;7100000;3;10;3;111;17;46.378958;48.049519;0;0;414056;;30;
460;7324000;9;12;1;38;9.9;59.986349;30.32239;0;2;;283714;78;1912846
461;4300000;14;17;2;72.9;12;53.0045926;36.1125928;0;0;302023;575396;57;2756524
462;8200000;2;2;3;110;20.1;45.1307099;33.5874409;0;0;296505;530785;91;2347484
463;6700000;5;14;2;58;9;50.5663957;36.579364;0;0;308012;;31;
464;12490000;1;5;3;65;9;55.8038827;37.7955581;0;0;105425;393676;77;678224
465;3350000;6;9;4;78;8;56.1088738;47.3066701;0;0;428037;;21;
466;7500000;11;12;2;64;17;53.19805;50.169823;0;0;443079;;63;
467;3150000;1;3;2;40;6;55.8693181;49.2255187;0;0;420075;429572;16;1435919
468;3000000;1;9;2;45;8;57.97809;56.2361;0;0;614111;;59;
469;7200000;23;25;1;44;12;55.821012;37.8815363;0;0;143906;;50;
470;3680000;1;17;1;41.2;13;57.0977101;65.5943042;3;0;625046;523632;72;1970054
471;1799000;3;5;2;44.7;6.5;53.249112;34.334293;0;0;241037;;32;
472;3490000;3;4;2;44;0;55.0326451;82.8072356;5;0;630041;372003;54;979988
473;3200000;12;16;1;33.4;9.5;56.86483;60.556293;5;0;620141;315849;66;1612930
474;18000000;2;12;3;62;6.5;55.870605;37.6675;0;0;129281;524826;77;1557897
475;700000;3;5;1;30;6;52.9876522;49.4126796;0;0;446253;125323;63;2032676
476;4000000;24;27;-1;45.1;10;55.0016758;83.005615;3;0;630126;131102;54;1047051
477;4100000;4;10;2;54.1;7.4;47.230675;39.618275;0;0;344015;;61;
478;3150000;1;5;1;42;14.1;59.103972;37.913594;0;0;162626;;35;
479;3390000;12;14;1;41;9;53.307654;34.283475;0;0;241013;;32;
480;2780000;5;9;1;29;6;57.1744091;65.5527495;0;0;625022;;72;
481;3500000;3;5;4;100;11.7;47.737914;40.298936;0;0;346506;;61;
482;5700000;24;25;2;50;0;47.2419279;39.6869182;0;0;344012;527271;61;734014
483;3550000;7;25;1;30;6;47.2419279;39.6869182;0;0;344012;527271;61;734014
484;3050000;12;17;1;35;0;53.33891;83.649376;0;0;656067;358143;22;2770325
485;2750000;6;6;1;26.2;0;56.45712;84.9818;0;0;634012;;70;
486;2000000;2;2;2;45;7.3;53.2357819;50.263243;0;0;443105;151294;63;1530980
487;7300000;3;9;3;77;9;56.0110931;92.8894564;0;0;660049;385730;24;2784630
488;2700000;5;5;1;36.2;9.6;57.0466913;65.6988766;4;0;625504;197037;72;1617414
489;11600000;4;7;1;25.8;0;43.4563996;39.9038436;0;2;354340;147009;23;1889998
490;10500000;11;17;3;76.1;11;55.5429648;37.711896;0;0;142701;131774;50;2484869
491;1760000;1;3;2;44;8.1;53.8987559;51.2085648;0;0;446552;344437;63;627347
492;2050000;2;5;2;44;6;58.5919073;49.6496759;0;0;610017;;43;
493;45000000;9;26;4;140;0;55.724271;37.44691;0;0;121374;308904;77;758223
494;1860000;4;5;2;42;5.7;58.5919073;49.6496759;0;0;610017;;43;
495;990000;1;5;1;15;6;47.2723146;39.7416929;0;0;344032;547151;61;692596
496;3750000;4;5;2;43;7;56.8967914;60.606029;0;0;620143;512046;66;2622351
497;6000000;11;14;1;33;10;59.906842;30.510371;0;0;188692;133123;47;2716651
498;5075200;13;17;3;78.08;0;56.0093879;92.8524806;0;2;;154818;24;1758839
499;1100000;1;2;2;51.7;0;51.5558064;46.0530359;0;0;410038;;64;
500;1570000;4;9;1;32;9;53.4021618;58.9847911;0;0;455044;468336;74;895211
501;1890000;2;5;1;32;-100;50.5334;137.00896;0;0;681003;;27;
502;1950000;1;1;3;49;6;58.1684608;68.3642654;0;0;626123;166373;72;2336029
503;1800000;2;3;2;32;5;47.2447755;39.7929554;0;0;344009;118964;61;2804838
504;1500000;1;2;1;36.6;0;56.463277;84.941558;0;0;634028;;70;
505;5200000;6;9;1;30.8;0;59.956863;30.43635;0;0;195248;461474;78;999165
506;2770000;4;5;2;44.7;5.7;56.8306381;53.1453003;0;0;426006;532369;18;886256
507;3000000;8;9;2;51.1;8;53.21794;44.94158;2;0;440062;;58;
508;3500000;3;9;1;48;10.3;55.368534;39.018192;0;0;140301;432771;50;2503173
509;5800000;1;17;2;66;20.6;57.157071;65.595207;1;0;625039;136462;72;995591
510;1720000;4;11;2;56;10;55.3427154;86.0941357;0;0;650004;386570;42;800777
511;5291650;15;17;3;81.41;0;56.0093879;92.8524806;0;2;;154818;24;1758839
512;3800000;3;5;3;67;10;56.8851333;65.8792374;0;0;625520;;72;
513;3150000;1;5;2;42.3;6;56.311726;43.88103;0;0;603028;;52;
514;2900000;1;9;3;66;8.5;53.3777656;50.1761734;0;0;443048;584742;63;679606
515;1100000;1;1;1;30;6;55.429455;65.31378;0;0;640002;;45;
516;2200000;3;4;1;32.1;6;54.963615;82.913423;0;0;630024;;54;
517;6200000;6;9;4;76;8.9;50.5629604;36.5701146;0;0;308004;142358;31;1257466
518;2850000;2;5;4;70;8;56.9134094;59.9624982;0;0;623119;127594;66;2228568
519;100000000;7;24;3;156;0;55.7154919;37.4790539;0;0;119501;373556;77;1558598
520;3050000;15;16;1;44;-100;51.723449;39.158354;0;0;394005;585467;36;1177886
521;3350000;14;16;1;45.8;11;51.723449;39.158354;0;0;394005;585467;36;1177886
522;3000000;5;9;2;48;8;56.1194471;47.1870086;0;0;428038;272278;21;2283349
523;3650000;9;15;1;38.43;11.2;56.788574;60.499729;0;0;620105;119493;66;1737488
524;2650000;4;9;1;40.1;0;51.315361;37.900425;0;0;309502;;31;
525;3599000;4;4;4;80.2;11;44.0480681;42.8951343;0;0;357635;393618;26;1784145
526;22827840;4;11;4;96.32;0;59.878107;30.3382;0;2;196105;;78;
527;5300000;7;9;1;29.9;6.8;59.841907;30.229693;0;0;198255;356598;78;874660
528;2900000;5;9;1;40.1;0;51.315361;37.900425;0;0;309502;;31;
529;1300000;1;5;1;33;-100;59.6033533;60.5659622;0;0;624992;294020;66;2289325
530;4580000;8;10;3;92;-100;54.76771;32.004326;0;0;214030;;67;
531;16404000;11;11;2;54.68;0;59.878107;30.3382;0;2;196105;;78;
532;11498500;10;11;2;37.7;0;59.878107;30.3382;0;2;196105;;78;
533;18740400;4;11;3;67.9;0;59.878107;30.3382;0;2;196105;;78;
534;15709920;3;11;2;56.92;0;59.878107;30.3382;0;2;196105;;78;
535;4850000;1;5;2;54;9;44.7632757;37.7140945;0;0;353960;461535;23;2036682
536;12641100;5;11;1;43.59;0;59.878107;30.3382;0;2;196105;;78;
537;3000000;5;9;2;48;-100;56.1194471;47.1870086;0;0;428038;272278;21;2283349
538;10861350;2;11;2;38.11;0;59.878107;30.3382;0;2;196105;;78;
539;11740400;2;11;2;41.93;0;59.878107;30.3382;0;2;196105;;78;
540;4300000;9;25;1;42;0;56.047278;92.895116;0;0;660077;;24;
541;5950000;9;16;3;56.8;16.3;57.9945213;56.1569803;4;0;614097;308103;59;1624995
542;3400000;3;5;2;44.4;6;54.5275265;36.2711268;0;0;248016;163442;40;2469165
543;4050000;5;5;3;66;8;56.02974;92.766301;2;0;660130;572373;24;823780
544;22900000;5;25;2;70;10.5;55.7390438;37.4143382;0;0;121552;226586;77;1774311
545;4239000;7;24;-1;25.25;0;59.864655;30.50976;0;2;193149;558214;78;1031239
546;12500000;2;3;3;76;29.8;59.982131;30.271985;0;0;197183;130207;78;1166969
547;9600000;4;16;4;95;27;55.0427967;82.963667;0;0;630112;;54;
548;5700000;1;5;1;31;-100;55.6805205;37.2618929;0;0;143003;157343;50;2825114
549;49000000;6;9;3;98.1;13;59.949159;30.380259;0;0;191015;537350;78;1089127
550;23939550;9;11;4;93.15;0;59.878107;30.3382;0;2;196105;;78;
551;4700000;3;9;4;80.1;0;51.3154637;37.909993;0;0;309503;336652;31;2833184
552;3800000;8;12;2;45;9;53.288285;83.753455;0;0;656045;323066;22;1991876
553;4350000;4;9;2;47;7.2;54.9961527;83.0062477;2;0;630126;572544;54;919045
554;7348000;4;10;3;83.5;15.1;54.7074702;20.5073241;0;2;236048;419269;39;1567968
555;2050000;2;5;1;30;6;56.009477;92.852449;0;0;660119;;24;
556;22827840;5;11;4;96.32;0;59.878107;30.3382;0;2;196105;;78;
557;4650000;3;5;2;45;6;55.9589253;37.8620146;0;0;141212;168505;50;2514551
558;2200000;1;5;1;32;0;53.7176533;91.4579354;2;0;655017;322396;19;1828999
559;6699797;10;18;2;57;-100;60.044862;30.4571456;0;2;188662;;47;2375538
560;4300000;6;25;1;41;11.4;56.047278;92.895116;0;0;660077;;24;
561;20000000;3;14;2;60;12;55.883296;37.5362811;0;0;127411;405601;77;2543075
562;7023152;10;18;2;60;-100;60.044862;30.4571456;0;2;188662;;47;2375538
563;6968006;16;18;2;60;-100;60.044862;30.4571456;0;2;188662;;47;2375538
564;5400000;24;25;2;54;9;56.047278;92.895116;0;0;660077;;24;
565;7000000;1;9;3;69.4;11.3;48.46697;135.12488;0;0;680014;;27;
566;14350000;12;12;3;62.6;6.5;55.811968;37.393083;0;0;123592;119040;77;855672
567;4590000;3;5;3;58.1;8.5;57.1238472;65.6674784;0;0;625014;190089;72;1109900
568;6200000;8;26;1;41.3;15.9;60.0828858;30.3521433;0;0;194358;130356;78;605790
569;2300000;1;2;2;28;5;44.037003;43.069878;0;0;357501;565908;26;1192809
570;10552150;5;11;1;35.77;0;59.878107;30.3382;0;2;196105;;78;
571;10342650;3;11;2;36.29;0;59.878107;30.3382;0;2;196105;;78;
572;3200000;16;17;-1;25;5;45.0732278;38.9054753;0;0;350012;490507;23;2159593
573;29680000;16;18;3;103;15;55.66994;37.536032;0;0;117393;384635;77;2330102
574;10744500;3;11;2;37.7;0;59.878107;30.3382;0;2;196105;;78;
575;10149300;10;11;1;32.22;0;59.878107;30.3382;0;2;196105;;78;
576;2500000;4;5;1;32;6;57.9699064;56.1617683;2;0;614065;249381;59;765926
577;28660640;9;11;4;111.52;0;59.878107;30.3382;0;2;196105;;78;
578;22827840;3;11;4;96.32;0;59.878107;30.3382;0;2;196105;;78;
579;3900000;5;8;2;38;16.8;45.0875433;38.9026955;0;0;350053;296130;23;1661552
580;10274250;2;11;2;36.05;0;59.878107;30.3382;0;2;196105;;78;
581;2700000;1;5;2;45.4;0;53.7623802;87.1265973;0;0;654007;322037;42;1190624
582;4100000;4;5;2;44;6;54.9229495;83.0783344;0;0;630059;;54;
583;3803000;11;19;2;59;12.5;55.7434619;52.3959165;0;2;423800;;16;1211456
584;3050000;3;5;1;33;6.1;46.6921664;38.2922182;0;0;353688;246925;23;653492
585;12810000;9;11;2;42.7;0;59.878107;30.3382;0;2;196105;;78;
586;1740000;5;5;3;42;7;51.473945;46.124879;0;0;;458546;64;1557517
587;2550000;7;10;1;33;5;55.0230622;83.0192241;2;0;630133;281443;54;747792
588;2800000;3;5;2;45;0;54.81984;56.110336;0;0;450065;;2;
589;3450000;5;8;1;33;8.6;45.0471141;39.1185627;0;0;350055;544316;23;1097390
590;3616000;2;12;1;45.2;0;54.757082;20.49129;0;2;;459373;39;2121876
591;2400000;5;10;1;33.9;0;51.6013632;46.0223799;0;0;410030;571881;64;2773639
592;9150000;9;17;1;39;0;55.63601;37.74244;0;0;115211;429215;77;2175939
593;2590000;7;10;1;33;4;55.0230622;83.0192241;2;0;630133;281443;54;747792
594;5450000;10;16;2;40;14;55.0189009;82.9462612;0;0;630008;;54;
595;4999999;5;9;1;43;9;52.033973;113.499432;2;2;672042;;75;
596;5400000;1;9;3;58.1;8.9;54.724812;55.930807;0;0;450093;;2;
597;3400000;1;5;2;54;18;53.6981145;91.3983755;0;0;655011;228312;19;1918071
598;3799000;3;5;2;45;6;56.477665;84.992905;0;0;634021;;70;
599;800000;1;3;1;31;9;57.065105;64.64917;0;0;623650;256331;66;1872505
600;3250000;7;16;1;35;10.4;54.6713447;20.5060971;0;0;236044;382525;39;2308116
601;3550000;3;9;-1;35;7.1;51.71811;39.26717;0;0;394010;;36;
602;7500000;3;13;3;75;28;56.8822737;60.6144567;0;0;620091;540734;66;2504301
603;12800000;9;17;3;78.4;10.1;55.9089163;37.7061575;0;0;141021;;50;
604;4050000;10;19;-1;23;7.8;44.873641;37.328962;0;0;353454;;23;
605;14700000;3;17;4;92.3;12;55.9089163;37.7061575;0;0;141021;;50;
606;2549000;19;19;1;35;7;51.81791;107.660976;0;2;670013;;3;
607;2400000;5;10;1;43;10;54.1708913;45.126958;0;0;430032;568228;13;1823515
608;4600000;8;14;1;40.1;8.6;55.7425301;49.2234733;0;0;420139;272289;16;2434147
609;24000000;12;14;3;92.1;11.9;55.8096829;37.7912086;0;0;105215;422233;77;2344602
610;2499000;4;5;1;42.9;9;54.9807093;73.4366109;0;0;644009;;55;
611;1500000;2;3;1;36;7;51.5868244;45.9380521;0;0;410033;484402;64;1488959
612;8600000;2;3;2;50;7;44.611477;33.52605;0;0;299011;;92;
613;2600000;1;3;2;43.2;6;69.00806;33.085087;0;0;183035;;51;
614;4100000;7;10;2;54;10;55.0335029;83.0115156;2;0;630133;338278;54;2513592
615;5200000;29;31;1;43;11.7;56.86004;60.61698;0;0;620041;216658;66;692589
616;2980000;15;18;1;35;8.1;45.016187;41.896311;0;0;355028;208473;26;2740654
617;3290000;9;10;1;33;9;50.6623866;36.6086481;0;0;308570;394895;31;913139
618;7500000;2;17;-1;27.3;3;55.9300857;37.7994102;0;0;141005;445176;50;1341976
619;3600000;13;14;2;48;0;47.246711;39.714743;0;0;344038;462499;61;2422772
620;6300000;17;19;1;35;11;59.8697343;30.1617806;0;0;198335;477130;78;1579364
621;4250000;2;9;3;65;8.6;53.311188;34.2941;0;0;241035;;32;
622;5450000;8;9;1;32;6.2;59.838154;30.2192;0;0;198260;303300;78;2626906
623;5000000;15;17;2;47;13.7;55.047409;82.86353;0;0;630001;211613;54;2665409
624;2750000;5;10;2;47.6;9;53.2629183;34.4174344;0;0;241047;;32;
625;1850000;10;10;1;34;9;55.1767609;61.294443;0;0;454003;161990;74;1109348
626;4649000;14;19;-1;30.02;0;55.8026791;49.1763857;0;0;420061;500010;16;1370342
627;3160000;2;16;1;46;10.7;51.713078;39.270767;0;0;394010;450410;36;1688501
628;2650000;5;9;3;62;7.8;50.0905291;45.4140438;0;0;403886;;34;
629;2850000;1;5;1;29;6;54.530677;36.262554;0;0;248021;;40;
630;8800000;3;9;1;32;7;55.862439;37.489248;0;0;125502;240320;77;1924880
631;4921000;25;26;2;51.8;16.8;54.7807071;56.0469054;0;2;450104;;2;
632;1700000;1;5;1;31.1;8.9;56.0004896;93.0290771;2;0;660013;229153;24;1792438
633;1900000;2;5;-1;19;-100;57.1288107;65.5757386;0;0;625035;;72;
634;10000000;2;3;2;68.9;0;45.5160202;32.7146283;0;2;296400;457359;91;2682641
635;5000000;3;5;1;30.4;6.2;54.8403769;83.0971393;2;0;630090;359765;54;2252606
636;1770000;2;5;1;32.1;6.3;69.35433;88.19926;2;0;663302;;24;
637;4000000;12;14;2;54.4;9.34;56.108447;92.908438;0;0;660132;317734;24;821866
638;6650000;9;14;3;78.6;21.1;57.1098233;65.5783992;0;0;625051;;72;
639;4736000;7;9;2;67.03;17.29;57.1676045;65.5416962;0;0;625005;141553;72;1728411
640;2500000;6;10;-1;33;4;55.0135228;83.0027967;2;0;630133;475038;54;1789722
641;59200000;17;25;4;148;16;55.709196;37.469997;0;0;119517;176730;77;1371875
642;2220000;2;9;1;33;7.5;52.957794;36.073944;0;0;302001;;57;
643;3690000;14;16;2;46.67;8.76;54.6753198;20.5065265;1;2;236011;270620;39;771934
644;1225000;1;3;-1;14;-100;54.8188334;20.2843735;0;0;238542;;39;1374324
645;3600000;3;9;2;54.1;9.3;57.7026062;39.7648324;0;0;150064;434450;76;649977
646;17000000;3;19;2;98;26;57.1547255;65.5619738;1;2;625048;199644;72;2666776
647;3250000;4;5;1;30.4;0;55.852533;49.0723153;0;0;420036;443726;16;920792
648;1860000;6;6;2;50.4;7.3;46.373443;48.054298;0;0;414056;;64;
649;2600000;3;3;2;46;5;44.9600305;35.2394404;0;0;298186;577487;91;689843
650;2900000;2;2;1;39;10;48.44086;135.1288;0;0;680032;;27;
651;1950000;5;5;1;31;6;55.028873;73.304315;0;0;644050;;55;
652;3700000;3;5;2;50.4;9.1;55.1358503;36.5366196;0;0;249007;162953;40;2060330
653;4080000;8;10;3;84;10;55.188581;61.248546;0;2;456506;;74;
654;7000000;3;9;2;54.2;9;54.86255;83.10132;2;0;630117;295411;54;1416600
655;3249000;4;10;3;67;6;55.188581;61.248546;0;2;456506;;74;
656;4600000;1;5;2;47;5.5;53.046547;158.66132;0;0;683017;;41;
657;3950000;4;9;3;64.9;8.2;48.7543612;44.4895182;0;0;400117;563283;34;2013637
658;3650000;10;16;1;25;5;44.6734796;37.7689778;0;0;353924;;23;
659;1867000;4;10;1;41.21;10;54.746363;32.117889;0;2;214510;;67;
660;3300000;3;10;1;37;9.5;53.3329229;83.6907806;0;0;656006;562393;22;1341147
661;4149000;2;14;-1;24.5;0;59.90654;30.518196;0;0;188692;;47;
662;960000;2;3;-1;25;8;56.4759105;53.8065208;0;0;427960;131367;18;1372011
663;3010000;5;5;1;29;8;57.1473092;65.5846714;0;0;625027;;72;
664;40700000;7;7;4;140.1;16.6;59.944292;30.39651;0;0;191124;164794;78;2071661
665;2867400;16;16;1;35.4;0;53.341973;83.706581;0;2;656064;;22;
666;3789500;4;16;2;53;0;53.341973;83.706581;0;2;656064;;22;
667;2655000;1;16;1;35.4;0;53.341973;83.706581;0;2;656064;;22;
668;1900000;2;5;1;35;9;54.91012;73.314415;0;0;644036;;55;
669;122000000;3;21;3;161.53;46.7;55.7621719;37.5559468;0;2;123100;497426;77;2639826
670;7500000;5;17;1;38.2;9;55.9161017;37.4070091;0;0;141401;254144;50;2709295
671;42100000;3;8;3;116;14;55.7715749;37.638226;0;0;107045;387512;77;2608953
672;8100000;4;5;3;75.9;9.8;53.7245451;91.4232858;0;0;655000;445580;19;980456
673;5800000;3;17;1;38;10;55.7459227;37.9624959;0;0;143981;392641;50;2550171
674;4700000;2;5;2;42;6;56.0790183;37.9278902;0;0;141231;350774;50;1145362
675;5000000;13;25;-1;20;0;55.6823442;37.2519035;0;0;143009;153595;50;2687856
676;1600000;11;13;2;55;10;42.9749893;47.4328253;0;0;367014;189230;5;994388
677;6900000;11;13;3;69.7;10;61.66085;50.83345;0;0;167004;548984;11;1110112
678;2300000;5;5;1;38;0;54.70095;55.830395;0;0;450095;;2;
679;3150000;5;25;-1;25;-100;59.803934;30.379136;0;2;196626;465739;78;2347125
680;5250000;4;9;1;53;14;54.9807484;82.880147;0;0;630054;;54;
681;8200000;2;8;1;32.4;8.1;55.814163;37.2447557;0;0;143443;528854;50;771582
682;1900000;5;6;1;34.7;6;56.8795624;65.851328;0;0;625521;;72;
683;15000000;4;17;2;60;12.8;55.700689;37.922389;0;0;111674;559851;77;1728735
684;6100000;13;14;3;96;23.4;57.1132538;65.5974005;0;0;625051;373841;72;2736754
685;2630000;9;9;2;51;8.3;48.6031879;44.4197694;0;0;400059;;34;
686;59500000;15;26;2;126;0;43.5854551;39.7231548;0;0;354024;307908;23;1024060
687;3800000;4;5;1;35.6;0;45.003079;38.927442;0;0;385141;;1;
688;5800000;5;5;1;31.6;5.4;59.84603;30.334105;0;0;196143;434362;78;2092303
689;5000000;1;5;3;70;10;47.1057195;39.4307852;0;0;346787;535125;61;670557
690;3253000;1;3;1;35.2;11.2;55.8054385;49.4379947;0;2;422772;;16;2740634
691;2150000;1;2;2;45;6;55.3755491;39.0533829;0;0;140304;463998;50;1474348
692;16200000;5;17;3;98;0;55.9008806;37.7359903;0;0;141014;521308;50;1024900
693;3700000;5;10;1;35;8;57.1770058;65.6461228;0;0;625015;;72;
694;4093000;2;3;2;46.14;8.9;55.8054385;49.4379947;0;2;422772;;16;2740634
695;700000;4;5;1;30;-100;54.003887;86.641674;0;0;652700;150055;42;1523501
696;9500000;10;13;3;91.5;0;56.8337701;60.5666186;0;0;620109;470420;66;2472799
697;10920000;8;12;2;58.6;17.3;55.540373;37.457205;0;0;108803;;77;
698;4270000;9;9;3;63;9;57.1298157;65.526249;0;0;625008;344503;72;860166
699;2200000;5;5;2;48;7.5;58.1464023;52.6171972;0;0;427624;411380;18;2578576
700;3800000;5;5;3;69;0;55.037103;73.456516;0;0;644013;;55;
701;3650000;7;10;1;34;0;56.0168423;92.960595;0;0;660037;441027;24;2496730
702;2550000;10;17;1;36;0;51.5678186;39.1237907;0;0;394048;484206;36;1684868
703;58000000;3;3;2;172;-100;55.7600085;37.6531696;0;0;105064;293195;77;2213146
704;17200000;8;16;3;74;10.5;55.596259;37.540093;0;0;117463;416189;77;831483
705;2295000;4;5;2;44;6;51.606241;39.2419675;0;0;394074;383862;36;747291
706;6550000;1;3;2;62;10;55.488642;36.916563;0;0;108806;536164;77;1867395
707;159000000;7;21;4;174.76;46.8;55.7621719;37.5559468;0;2;123100;497426;77;2639826
708;3190000;16;16;1;41;10.8;56.8509935;53.2459945;0;0;426009;244461;18;932129
709;5150000;3;5;2;59;0;54.68161;20.131174;0;0;238340;;39;
710;4043000;2;3;2;45.53;9.9;55.8054385;49.4379947;0;2;422772;;16;2740634
711;2200000;4;12;1;38;8;56.0891376;54.2619005;0;0;452680;278786;2;2704441
712;2245000;2;5;-1;32;0;55.023749;73.3022664;0;0;644050;;55;
713;135000000;11;21;3;162;50;55.7621719;37.5559468;0;2;123100;497426;77;2639826
714;79900000;8;21;2;88.66;25.9;55.7621719;37.5559468;0;2;123100;497426;77;2639826
715;44000000;5;21;1;50;18;55.7621719;37.5559468;0;2;123100;497426;77;2639826
716;4200000;7;14;1;40.8;0;57.098157;65.562975;2;2;625033;432841;72;825371
717;8200000;4;16;3;84;35;57.1650401;65.4862759;4;0;625001;560807;72;1211656
718;10700000;11;17;2;64;10;56.0054611;37.4463646;0;0;141732;424743;50;2733623
719;4873000;2;3;2;54.92;11.9;55.8054385;49.4379947;0;2;422772;;16;2740634
720;3950000;4;14;1;41;24;57.098157;65.562975;2;2;625033;432841;72;825371
721;3373000;3;3;1;35.41;10.2;55.8054385;49.4379947;0;2;422772;;16;2740634
722;4990000;10;25;1;38;11;47.2227971;39.7794457;0;0;344019;435974;61;2334063
723;3253000;1;3;1;35.14;11.2;55.8054385;49.4379947;0;2;422772;;16;2740634
724;6500000;9;14;3;78;21.1;57.1098233;65.5783992;0;0;625051;;72;
725;5000000;3;5;4;87.2;9;50.3881;36.87551;2;0;309292;;31;
726;3300000;8;9;1;40;6;54.512497;36.268814;0;0;248001;;40;
727;5886202;10;18;4;86.6;0;54.1920559;37.6153842;0;2;300000;;71;
728;22880000;9;12;3;62.7;6.9;55.734962;37.676385;0;0;109316;290030;77;1067046
729;3380000;5;9;1;29.5;0;57.1676045;65.5416962;0;0;625005;141553;72;1728411
730;27000000;20;27;3;100;34;55.875481;37.661347;0;0;129281;421562;77;1016590
731;2150000;4;5;1;31;7;48.7202657;44.5208884;0;0;400050;365887;34;2290411
732;2350000;8;12;1;36;9.5;53.6290272;55.9290618;0;0;453120;580970;2;1097762
733;1200000;4;4;1;37.5;9;55.772259;60.707832;5;0;456780;;74;
734;3400000;15;16;1;38;10;56.0408083;92.7562626;0;0;660030;116405;24;2214026
735;3700000;8;10;2;40;-100;58.5984778;49.6033744;0;0;610048;262533;43;642334
736;8400000;4;5;4;86.7;8;56.323357;43.9509;0;0;603002;;52;
737;4000000;2;5;1;31;-100;44.8590815;37.3586918;0;2;353411;;23;1515894
738;3380000;2;9;2;43;6;53.7301421;91.4420507;0;0;655017;135245;19;2470390
739;55000000;2;5;3;97;-100;55.7377686;37.6203183;0;0;119017;231399;77;821209
740;6350000;14;17;1;43;8.4;55.7404042;37.9826329;0;0;143989;258505;50;1435971
741;3950000;6;10;1;45;10;56.0359727;92.8818639;0;0;660020;233101;24;1382831
742;6190000;19;22;1;43.8;15;54.996303;82.9572101;1;2;630083;256876;54;618848
743;2600000;6;17;-1;28;0;55.8046585;38.1736583;0;0;142450;576123;50;1829618
744;4350000;2;12;1;63;25;60.9317483;76.5810391;0;0;628602;237799;86;2576368
745;1440000;3;5;1;30.6;6.1;53.6457184;55.94282;0;0;453103;517076;2;2541789
746;6300000;5;17;2;62.4;10.7;56.264062;44.019749;0;0;603136;;52;
747;6900000;3;16;2;70;16;45.056429;38.91156;0;0;350012;192236;23;2832019
748;5500000;8;10;2;56.1;10.3;56.208204;43.81937;0;0;603069;378567;52;777312
749;9500000;3;3;3;70;-100;43.4480791;39.9310882;0;0;354340;259123;23;598924
750;6750000;12;12;1;40;10.2;59.922422;30.461728;0;0;193318;513042;78;1763181
751;3203200;16;17;1;28.6;0;56.0533441;92.9393319;0;2;660005;343251;24;1827608
752;8539800;13;19;2;66.2;24.1;56.3240627;44.0053913;0;2;603000;;52;1342551
753;7690000;2;19;5;98.72;0;57.1796473;65.6590735;3;2;625040;248489;72;1826199
754;4000000;4;10;2;50;-100;58.0033208;56.2591005;0;0;614007;581555;59;1152654
755;5600000;2;5;1;33;-100;44.8590815;37.3586918;0;2;353411;;23;1515894
756;4190000;2;9;-1;27;0;54.996303;82.9572101;1;2;630083;256876;54;618848
757;5009435;16;19;-1;36.97;0;56.3240627;44.0053913;0;2;603000;;52;1342551
758;6157120;13;19;1;43.36;20;56.3064598;43.9957249;0;2;;140262;52;2304812
759;17000000;2;5;3;72;-100;43.6254248;39.7184394;0;0;354068;360510;23;1725701
760;4400000;11;12;1;36.9;10.8;60.058632;30.439386;0;2;188678;128383;47;2012603
761;3900000;1;5;4;80.4;0;43.048765;44.6512422;0;0;362035;342334;15;2147169
762;2900000;10;17;1;40;9;51.5683858;39.1245709;0;0;394048;484206;36;1134529
763;6450000;5;14;3;82;0;54.9843979;73.3327028;0;0;644074;151956;55;1192849
764;2480000;3;5;1;28.5;6;54.9389409;83.125705;0;0;630068;;54;
765;4300000;11;12;-1;29;0;54.996303;82.9572101;1;2;630083;256876;54;618848
766;4450000;6;9;1;53;15;53.6988514;91.4033416;0;0;655009;482386;19;1860056
767;2200000;1;2;1;37.2;-100;54.82181;56.109516;4;0;450065;;2;
768;3350000;4;9;3;62;0;55.700447;84.911934;0;0;652062;;42;
769;7500000;8;9;2;70;12.9;54.726834;20.55304;0;0;236038;;39;
770;4600000;2;10;2;61;12;51.4795057;46.1220832;0;0;413113;345196;64;2418435
771;11900000;2;14;2;54;10;55.9810791;37.1862436;0;0;124575;;77;
772;2800000;5;9;3;55.5;0;51.281864;37.80099;0;0;309510;;31;
773;2230000;5;5;2;43;6;53.6352478;55.9117509;0;0;453118;577493;2;1187205
774;6500000;2;10;1;38.5;11;55.398881;37.773188;0;0;142000;;50;
775;7131720;19;24;2;41.2;5.1;55.7003989;37.9606238;0;2;140000;;50;2817336
776;1680000;8;10;-1;28;12;54.982404;60.358002;0;0;456441;161103;74;2722814
777;6650000;4;33;-1;25;6.4;55.733865;37.7345223;0;2;109202;;77;
778;3200000;4;5;3;61.1;7;61.6760465;50.817924;0;0;167031;120323;11;802340
779;5550000;6;9;2;54.3;12;61.23796;73.456406;0;0;628405;;86;
780;14300000;2;12;3;104;13.5;55.9981642;37.8691574;0;0;141205;;50;
781;2590000;1;5;1;35;12;44.0519646;43.04553;0;0;357538;280790;26;2030630
782;2200000;5;5;2;44;5;43.5161148;43.6132166;0;0;360016;303676;7;876824
783;3750000;4;4;1;32;6;55.8004357;49.1911473;0;0;420061;558659;16;1977791
784;3550000;2;17;-1;16;2;55.700826;37.914367;0;0;111674;137132;77;2064783
785;2800000;7;10;1;33;-100;51.717422;39.264114;0;0;394010;512244;36;2468683
786;19800000;7;8;4;196;0;57.1568553;65.5447502;4;0;625002;483540;72;1698151
787;4300000;4;5;2;47.2;5.9;55.0399207;82.9908087;2;0;630124;248419;54;2388160
788;1700000;1;2;2;65;8;53.22;50.63664;0;0;446430;;63;
789;5900000;19;20;1;44;15;54.996303;82.9572101;1;2;630083;256876;54;618848
790;4500000;8;9;3;66.5;0;56.51156;85.022;0;0;634063;;70;
791;14990000;2;5;3;64;9;55.82009;37.590866;0;0;127322;127510;77;922811
792;4800000;5;17;1;43.8;14;61.2852583;73.3463656;0;0;628414;182308;72;2731840
793;7850000;6;18;3;72;16;54.996303;82.9572101;1;2;630083;256876;54;618848
794;6590000;7;9;2;63;13;54.695046;55.9854323;0;0;450074;445310;2;813304
795;3660800;2;7;-1;21;-100;59.9558031;30.3287881;0;0;197046;338315;78;1977856
796;2550000;3;7;-1;14;-100;59.9558031;30.3287881;0;0;197046;338315;78;1977856
797;4400000;11;16;3;86.5;10;51.72582;39.165752;0;0;394005;228799;36;2105137
798;2800000;1;5;2;42;7;54.1767815;37.5669261;0;0;300013;491479;71;1979658
799;2600000;4;16;1;39;9.6;51.72582;39.165752;0;0;394005;228799;36;2105137
800;6900000;4;17;2;64;10;55.604142;37.981624;0;0;140125;420649;50;1697227
801;1850000;3;9;2;49;0;51.537058;45.99456;0;0;410012;179686;64;2548340
802;4796100;6;8;2;53;13.6;45.090722;39.048211;0;2;350073;156435;23;1198000
803;4500000;2;19;1;28.8;5;55.3999414;37.768844;0;0;142000;222032;50;1362859
804;4500000;2;17;1;28;5;55.3999414;37.768844;0;0;142000;222032;50;1362859
805;5200000;5;14;-1;28;8;55.3999414;37.768844;0;0;142000;222032;50;1362859
806;9000000;2;5;1;32;-100;43.5984209;39.7216584;0;0;354065;390932;23;1188992
807;2700000;16;17;1;44;10;53.139565;45.04244;4;0;440514;;58;
808;6250000;15;18;3;79;10.4;51.6789599;39.1862545;0;0;394026;338050;36;1508765
809;2500000;8;9;1;34;9;56.15088;40.423102;0;0;600007;324421;33;1960295
810;3100000;9;9;3;67;9;63.5746266;53.681169;0;0;169316;510340;11;848862
811;6990000;2;6;1;45;13;44.8736678;37.3180008;0;0;353454;282766;23;950310
812;14150000;12;17;4;123;15;55.047409;82.86353;0;0;630001;211613;54;2665409
813;3270000;4;5;2;41;6.1;51.6838265;39.1975948;0;0;394061;306871;36;1780103
814;4600000;24;25;2;39;9;57.1374461;65.6046141;0;2;625023;;72;
815;2400000;1;10;1;48.02;13.78;54.9471407;82.9585961;2;0;630022;519271;54;2192843
816;4645150;5;10;3;76.15;10;54.5059848;36.2516245;0;2;248000;;40;1179265
817;10500000;2;24;3;130;0;55.9989627;92.7992809;0;0;660074;;24;
818;10800000;8;9;2;74;12;54.955414;20.484442;0;0;238326;229786;39;2522996
819;1499000;5;5;2;42;6;47.2338039;38.8843272;0;0;347913;;61;
820;3780000;15;17;1;39;6;56.9039799;60.5848925;0;0;620042;297725;66;756735
821;5911319;8;23;-1;22.81;0;59.973392;30.378939;0;2;195197;;78;
822;4300000;11;19;1;47.6;15;56.9039799;60.5848925;0;0;620042;297725;66;756735
823;33000000;5;9;4;86.4;7.5;55.759608;37.658275;0;0;105064;217052;77;2367511
824;29000000;2;5;8;210;19.5;59.930453;30.379604;0;0;191144;579363;78;2264678
825;4600000;1;5;2;44.5;0;56.0172163;37.8482178;0;0;141207;397584;50;2678484
826;10000000;15;22;3;94;-100;43.5854551;39.7231548;0;0;354002;131233;23;760858
827;2649000;4;9;1;29;6;56.8668549;60.5644491;0;0;620141;130330;66;651765
828;2660000;2;3;2;44;6;57.766117;40.9316;0;0;156000;;44;
829;10340000;4;5;2;47;0;43.4554695;39.9057087;0;0;354382;382915;23;1390677
830;1890000;11;18;2;50;8;59.407922;56.804015;4;2;618400;;59;2131977
831;71000000;15;23;4;145.6;0;55.7154919;37.4790539;0;0;119501;373556;77;1558598
832;4113000;2;3;2;46.14;8.9;55.8054385;49.4379947;0;2;422772;;16;2740634
833;3100000;4;5;3;60;6;57.001377;40.945965;2;0;153003;;37;
834;1000000;1;5;1;30;0;56.8512862;53.2364298;0;0;426034;486019;18;2065242
835;3800000;4;16;-1;21;4;59.903968;30.519525;0;0;188692;336465;47;2794991
836;3900000;8;17;-1;24;-100;59.903968;30.519525;0;0;188692;336465;47;2794991
837;4100000;1;5;2;50;9;44.0504091;43.0606115;0;0;357519;383234;26;2688720
838;2170000;1;5;2;45;0;53.169965;45.010465;0;0;440034;;58;
839;6800000;2;4;2;57;13;44.6317646;39.1445106;0;0;353290;;23;
840;2800000;9;17;-1;26;0;55.01324;82.898529;0;0;630029;;54;
841;4850000;5;17;2;52.9;8.6;55.01324;82.898529;0;0;630029;;54;
842;5000000;4;17;2;62.6;14.9;55.01324;82.898529;0;0;630029;;54;
843;1780000;9;9;1;33;5;56.1043357;47.4751324;0;0;429965;495950;21;2150947
844;4200000;4;12;-1;32.5;0;59.755245;30.469112;0;2;196626;518897;78;1067114
845;6500000;1;1;3;160;16;44.0282767;42.8710521;0;0;357350;118334;26;1715080
846;2800000;3;4;3;55;-100;43.771588;41.9114273;0;0;369200;342438;9;1723159
847;1350000;2;2;2;35;5.3;54.918958;73.3167302;0;0;644036;330018;55;2452295
848;6100000;2;5;2;80;11;44.635003;39.127164;0;0;353290;376300;23;1350665
849;1650000;3;5;3;54;6.2;53.3273786;34.2791716;0;0;241014;;32;
850;2900000;8;12;1;32.7;6.5;57.9744074;56.2106335;2;0;614095;570567;59;1945610
851;2720000;8;9;1;36;7.7;51.753746;36.238407;0;0;305010;;46;
852;36000000;2;5;2;53;-100;43.411507;39.94124;0;0;354340;145532;23;1747572
853;1490000;1;2;1;34;4.4;56.8213279;53.1797928;0;0;426010;445344;18;639656
854;6050000;5;10;2;46;9.6;55.7900787;49.2536389;0;0;420083;157122;16;1448913
855;3000100;1;9;1;38;9;44.6084886;40.067503;0;0;385011;;1;
856;13600000;2;14;3;107;14;54.69619;20.506634;0;0;236039;176541;39;1171609
857;3400000;8;9;2;43;7;68.96737;33.114426;0;0;183036;;51;
858;6000000;3;9;1;51;14;55.0231585;82.9400354;0;0;630008;;54;
859;2500000;5;5;2;53.6;0;56.098827;54.22426;0;0;452689;;2;
860;2000000;4;5;3;58.6;8;56.5229512;66.5286372;0;0;627142;;72;
861;8900000;6;7;1;41;11;44.5802707;38.0729015;0;0;353465;337285;23;1861288
862;2700000;12;25;-1;67.9;17.8;55.063407;82.9243537;1;2;630075;463286;54;1001198
863;8300000;6;17;3;92.2;13;57.1256458;65.5445964;0;0;625007;582509;72;2828908
864;14000000;4;6;4;110;0;43.5854551;39.7231548;0;0;354057;275803;23;1903402
865;7300000;3;3;3;58.1;14.4;59.915522;30.361179;0;0;191119;118276;78;1903014
866;10800000;2;5;2;44.7;5.8;55.8528524;37.4481815;0;0;125364;161425;77;2515105
867;8070000;5;16;2;65.7;13.6;57.1529744;65.5344099;0;2;625000;;72;900613
868;3100000;2;9;2;50;-100;69.4936861;88.3999484;0;0;663333;566618;24;2093540
869;2900000;6;10;2;75;-100;42.897934;47.624823;0;0;368300;;5;
870;6500000;1;9;3;108.52;18;56.634407;47.899878;0;0;424016;;12;
871;3989999;1;14;-1;17;2;55.7540471;37.620405;0;0;101000;;77;1703143
872;14000000;9;10;2;48;0;43.6116499;39.7626568;0;0;354004;;23;
873;6850000;10;10;3;70.7;8.6;55.821329;49.1130878;0;0;420124;558529;16;2739671
874;4150000;8;15;3;72;11;51.8210707;55.1675294;0;0;460060;150407;56;1329921
875;2630000;3;15;1;39;11.6;51.8210707;55.1675294;0;0;460060;150407;56;1329921
876;4300000;7;19;1;42;12;47.22489;39.691017;0;0;344011;140159;61;1053700
877;7100000;8;9;3;58;7;55.9340587;37.8371833;0;0;141092;199196;50;2695342
878;2199000;2;9;1;33;7;56.22897;43.39753;0;0;606034;;52;
879;3772000;8;10;1;35.26;6.4;55.68373;49.213844;0;2;422616;;16;
880;3760000;2;15;-1;28;0;57.1466077;65.4579596;0;0;625025;183448;72;1078320
881;2900000;7;15;1;27.2;0;57.1466077;65.4579596;0;0;625025;183448;72;1078320
882;1750000;2;5;1;34;6;56.1614937;43.9188063;0;0;607683;;52;1492926
883;550000;2;2;1;36;6.7;54.9085879;56.974131;0;0;452425;323661;2;896919
884;5407140;13;24;1;40;-100;55.7807965;49.191662;0;2;420073;214940;16;2363292
885;3900000;10;12;3;86;15;51.8200545;55.1099;0;0;460050;226804;56;1281544
886;4000000;5;5;1;40.6;0;44.6337994;39.1254352;0;0;353290;376300;23;596895
887;3900000;4;4;2;55;9;48.7122335;44.5217932;0;0;400066;;34;
888;5400000;4;9;2;45;7;55.0826966;38.7785141;0;0;140410;;50;
889;6500000;8;12;1;36;6;59.8438582;30.3094781;0;0;196240;207598;78;1258626
890;13482840;7;8;2;91.72;30.2;54.7017195;20.5166624;0;2;;281935;39;2472979
891;1850000;4;5;1;39.6;12;56.8851333;65.8792374;0;0;625520;;72;
892;4545000;3;5;2;42;2.7;55.8067118;49.1831733;0;0;420029;345732;16;2604609
893;2900000;1;5;1;38.79;9.1;51.692177;39.02116;4;0;396900;;36;
894;3150000;10;11;1;35;6;54.7944246;56.0391477;0;0;450055;222600;2;1521330
895;2550000;7;11;2;54;9.5;55.455019;65.306515;2;0;640004;;45;
896;4650000;1;17;3;74.5;8.3;51.712859;39.263852;0;0;394010;450410;36;2593909
897;5800000;4;10;2;59.2;12;57.1119484;65.5717165;0;0;625051;239320;72;815534
898;2650000;5;5;3;59;6;54.481102;37.7136;0;0;301031;;71;
899;16000000;5;10;2;90;-100;55.0229486;82.9193523;0;0;630007;166619;54;661877
900;1960000;4;5;2;55;6;55.1403693;61.4410372;2;0;454010;242407;74;1649120
901;12600000;5;14;2;40;-100;43.6302;39.696136;0;0;354053;398769;23;1690829
902;1850000;3;5;1;30;6;55.0278214;73.2228818;0;0;644085;;55;
903;8500000;4;4;2;53;6;45.048412;38.979553;4;0;350020;346526;23;758061
904;3750000;2;10;2;57;0;56.853927;53.360054;0;2;426015;;18;
905;3260000;1;5;3;47;-100;56.82561;35.896618;0;0;170043;;69;
906;3100000;2;3;1;48;12;55.710829;49.349112;0;0;422774;580238;16;2547203
907;20500000;11;17;2;51.9;10;55.69937;37.503729;0;0;119192;420224;77;2242812
908;4500000;1;16;1;46;15;55.8475626;48.9025465;0;0;420076;475475;16;2017976
909;1600000;3;5;3;76;-100;56.5098716;31.6401822;0;0;172842;396614;69;885883
910;17600000;2;5;3;122.9;19.6;59.9296814;30.3597267;0;0;191040;338442;78;1978015
911;6150000;15;15;1;56;0;54.4980633;36.2085847;0;0;248033;416555;40;2716471
912;12700000;14;22;2;71;0;55.8223057;37.3727784;0;0;143401;442061;50;765417
913;2550000;1;5;2;45;6;56.06074;92.97257;0;0;660055;;24;
914;9332209;7;16;2;47;10;55.593599;37.448572;0;2;108814;;77;1710965
915;7150000;9;10;2;53.1;9.7;55.8247952;49.117011;0;0;420124;340113;16;2651182
916;4680000;2;16;2;59;-100;57.1529744;65.5344099;0;2;;;72;
917;7100000;2;5;3;62;8;50.59598;36.595882;0;0;308009;;31;
918;3600000;10;28;1;36;12;54.6944846;39.838826;0;0;390006;361465;62;1941824
919;16200000;4;5;2;46;6;55.7149518;37.6100866;0;0;115162;;77;
920;1950000;3;5;2;42.5;6;47.256657;38.917569;0;0;347924;;61;
921;2200000;1;8;-1;14;2;55.855259;37.182635;0;0;143430;319627;50;2425276
922;4000000;2;5;1;33;7.5;50.5762676;36.5904574;0;0;308012;586672;31;2821844
923;2350000;1;8;-1;16;-100;55.855259;37.182635;0;0;143430;319627;50;2425276
924;8080000;5;32;1;28;7;55.6463281;37.7055566;0;0;109651;242106;77;2499445
925;4200000;3;24;2;56;14;47.289024;39.703766;0;2;;492588;61;2724657
926;8031584;15;16;1;36;10;55.593599;37.448572;0;2;108814;;77;1710965
927;2600000;16;16;1;38;9;60.954567;76.5784463;0;0;628615;436725;72;2723787
928;1500000;1;1;1;29.1;8.1;52.2895055;104.3021892;0;0;664007;130757;38;2375508
929;4850000;3;3;2;57;20;55.3531928;39.0531183;0;0;140304;508481;50;1054741
930;11500000;8;12;2;60;-100;43.605373;39.7181;0;0;354008;404409;23;1250973
931;1249000;3;5;1;28.8;4;55.1285366;61.429187;0;0;454078;451817;74;2567040
932;4182000;9;9;2;69;15.4;43.4807707;43.6088665;0;2;360051;382084;7;2593597
933;600000;5;5;1;32;6;53.946238;32.846656;0;0;216500;;67;
934;5280000;4;16;2;63;12;57.134771;65.4723882;0;0;625018;450762;72;2537521
935;5600000;3;15;1;43;14.1;45.0724111;38.9481521;0;0;350062;;23;
936;8800000;7;10;2;72;12.7;56.0186113;37.4265308;0;0;141734;458298;50;1538309
937;8899000;7;9;1;33;6;55.861658;37.4913838;0;0;125502;240320;77;1659020
938;3990000;3;5;3;55.9;-100;54.1538452;37.5857346;0;0;300026;367379;71;937401
939;8000000;9;10;3;77.6;0;55.9732573;92.7942298;0;0;660006;;24;
940;39000000;13;16;2;65;-100;43.5872678;39.7193551;0;0;354000;291619;23;2628945
941;7687980;4;7;2;55.71;0;59.7466607;30.5953793;0;2;196650;;78;2803355
942;31500000;9;13;2;55.3;9;55.76363;37.610799;0;0;125009;453063;77;1811119
943;2900000;2;5;1;36;0;56.2762211;43.9194928;4;0;603135;336460;52;2248054
944;3350000;5;5;3;53;5.5;56.976594;60.562952;0;0;624090;;66;
945;2800000;10;10;1;36;0;56.1148163;92.9107182;0;0;660132;253441;24;2641545
946;3772000;2;3;2;40;0;43.7709475;39.525846;0;0;354213;;23;1605831
947;3790000;3;19;1;31;-100;55.6797753;49.1975282;0;2;420064;271483;16;1898201
948;13300000;14;17;3;84;14.8;55.699654;37.955222;0;0;140016;236042;77;2642592
949;26000000;2;17;4;93;10.2;55.849802;37.518596;0;0;125438;480179;77;810629
950;7300000;5;5;3;65;10;50.25579;127.56702;0;0;675002;;28;
951;4350000;13;14;1;40;14;57.1529744;65.5344099;0;0;;483666;72;2248404
952;6899000;1;2;3;44;6;43.6333244;39.7236511;0;0;354068;527289;23;1077184
953;1450000;2;5;2;50.1;0;56.509502;31.639275;0;0;172840;;69;
954;5199000;9;9;4;85;9.4;54.62214;39.706577;0;0;390029;;62;
955;5300000;2;9;3;65;9;54.4931555;36.2083535;0;0;248033;205217;40;1112216
956;7400000;8;26;1;39.4;11.2;55.6627971;37.853567;0;2;140055;;50;1038736
957;800000;5;5;1;32;-100;58.1020996;57.7996897;0;0;618900;375309;59;1917792
958;6950000;5;5;2;44.5;6;55.4389322;37.5703482;0;0;142117;158161;50;1200023
959;17535280;16;23;3;72.4;12.6;55.8602396;37.5403558;0;2;127238;408268;77;2663989
960;2050000;5;6;1;24.3;5;55.0231018;82.8057172;5;0;630041;528901;54;2213191
961;4200000;8;9;3;83;12.3;47.216264;38.85351;0;0;347933;;61;
962;9150000;15;24;3;75;-100;55.705606;37.3285795;0;0;143001;301727;50;2296745
963;8508060;16;23;-1;19.8;5.1;55.8602396;37.5403558;0;2;127238;408268;77;2663989
964;4100000;2;9;2;48;8;51.8091114;107.6450956;0;0;670042;368018;3;1964428
965;3140000;5;10;1;42;14;55.020146;83.017241;2;0;630039;281443;54;1613106
966;1130000;4;5;1;32;0;55.1318445;61.4210117;2;0;454078;130483;74;777229
967;14932340;20;23;2;56.2;19.6;55.8602396;37.5403558;0;2;127238;408268;77;2663989
968;2450000;7;10;-1;33;0;55.020146;83.017241;2;0;630039;281443;54;1613106
969;3549000;2;16;1;42;15.6;54.625797;39.730185;0;0;390528;;62;
970;8300000;6;17;1;37;9;55.5456203;37.5893643;0;0;142720;556144;77;2726169
971;2300000;1;5;2;40.1;6;59.195689;39.855276;0;0;160022;;35;
972;10725120;21;23;1;33.6;10.7;55.8602396;37.5403558;0;2;127238;408268;77;2663989
973;3370000;6;10;1;35;6;57.1770963;65.644903;0;0;625015;177217;72;2747220
974;6000000;13;16;2;53.23;11.7;59.790752;30.166856;0;0;188508;177964;47;1264193
975;1239000;1;1;1;26;8;47.2411357;39.7071698;0;0;344012;577341;61;2578719
976;2850000;9;10;1;42;0;45.0039957;41.9194826;0;0;355042;277529;26;1855859
977;1250000;2;2;1;34;8;57.026032;41.014992;0;0;153045;;37;
978;10500000;17;17;2;71;15;55.542946;37.711985;0;0;142701;131774;50;1043235
979;1450000;4;5;2;50;7.5;52.8526498;32.6600969;0;0;243300;;32;
980;3000000;3;14;1;44;10;54.1946927;45.2234661;0;0;430009;;13;
981;4400000;4;9;3;63.9;0;57.958088;102.735466;0;0;666683;;38;
982;8000000;11;16;2;69;16;44.8665865;37.3348138;0;0;353454;543620;23;740353
983;3500000;12;17;1;38;0;55.9880939;92.858977;0;0;660012;;24;
984;970000;5;5;2;36;-100;63.4385443;53.5896257;0;0;169347;154099;11;700190
985;3250000;4;5;1;33.1;5.8;54.162632;37.586067;0;0;300025;;71;
986;2800000;5;9;2;43;-100;53.7630528;87.1222484;0;0;654007;160525;42;936657
987;12500000;3;8;4;174;19;55.1503506;61.3924546;4;0;454092;310400;74;1529390
988;2400000;1;3;2;37;-100;47.2614728;39.7863222;0;0;344020;416034;61;2035984
989;4550000;13;19;1;37;18;44.997859;39.087135;0;0;350065;296991;23;1254311
990;7999990;6;17;3;103;9;57.1256458;65.5445964;0;0;625007;582509;72;2828908
991;4498710;4;25;3;90;44;56.1473052;47.2784902;0;2;428022;546811;21;2226009
992;2538610;16;25;-1;47;12;56.1473052;47.2784902;0;2;428022;546811;21;2226009
993;1850000;5;5;1;31;7;55.028873;73.304315;0;0;644050;;55;
994;7100000;16;25;-1;19.8;0;55.6664583;37.7396768;0;0;109382;580609;77;1035610
995;3550000;1;4;1;30.7;5.7;55.798652;37.765875;0;0;;;38;
996;3896999;2;19;1;43;-100;55.9736018;92.7944307;0;2;;466958;24;1567395
997;13500000;2;18;2;48.5;3;43.5854551;39.7231548;0;0;354057;275803;23;1903402
998;3000000;17;19;1;43.3;0;56.8955064;53.2486962;0;0;426039;;18;
999;3110000;3;5;1;30;6;57.1369127;65.5680319;0;0;625026;;72;
1000;4800000;9;13;2;67;13;52.349508;104.155687;0;0;664048;;38;
